country,iso,year,electric_power_kwh_per_capita,gdp_per_capita_ppp
Algeria,DZA,2000,686.353657773796,9186.81590342899
Algeria,DZA,2001,711.813944308139,9543.52035384959
Algeria,DZA,2002,733.209063635649,10080.182500398
Algeria,DZA,2003,788.573580320475,10802.7506703127
Algeria,DZA,2004,805.681303639425,11431.6856715426
Algeria,DZA,2005,891.714578002056,12246.2692243613
Algeria,DZA,2006,862.878487448632,12791.3412605973
Algeria,DZA,2007,893.69762852925,13320.964120903
Algeria,DZA,2008,944.941748362242,13666.2181960534
Algeria,DZA,2009,862.485663394753,13651.4472995041
Algeria,DZA,2010,1010.71519484951,14201.3659906969
Algeria,DZA,2011,1115.96836018472,14639.8779436268
Algeria,DZA,2012,1229.34165460568,14441.3293398806
Algeria,DZA,2013,1269.79181719163,14370.820661674
Algeria,DZA,2014,1353.09164785509,14694.143827383
Algeria,DZA,2015,1438.57265286655,13807.3515841478
Algeria,DZA,2016,1470.35348531547,13437.8460232169
Algeria,DZA,2017,1554.49963310729,13493.560749484
Algeria,DZA,2018,1568.47300560981,13727.1266357859
Algeria,DZA,2019,1651.17795668766,13892.5333446205
Algeria,DZA,2020,1591.97709300405,12676.5130564294
Algeria,DZA,2021,1681.48239613152,14496.8654697299
Algeria,DZA,2022,1756.58721304339,15836.0944370321
Algeria,DZA,2023,1827.95251014644,16824.4879034627
Angola,AGO,2000,76.1969732512193,3689.53780847244
Angola,AGO,2001,83.596023886489,3801.63313374818
Angola,AGO,2002,86.9705781477391,4241.2915015658
Angola,AGO,2003,96.8027128389042,4322.19773214742
Angola,AGO,2004,88.8689466900833,4770.68802563462
Angola,AGO,2005,102.378493445781,5415.61212018099
Angola,AGO,2006,129.55102949102,6017.8181625251
Angola,AGO,2007,135.187417453981,6727.96328856831
Angola,AGO,2008,168.453501851714,7315.60233056666
Angola,AGO,2009,197.325219398831,7227.56364237588
Angola,AGO,2010,206.998764747106,7411.65460883624
Angola,AGO,2011,206.950497705211,7537.59656403345
Angola,AGO,2012,271.711996881012,8246.36081151609
Angola,AGO,2013,276.087476620084,8504.09532072053
Angola,AGO,2014,310.374128214116,9017.69018162269
Angola,AGO,2015,306.167406982606,8067.48584683018
Angola,AGO,2016,331.664900231538,7766.83787525546
Angola,AGO,2017,315.199297075801,8006.83661497696
Angola,AGO,2018,370.736573340292,8278.36886170469
Angola,AGO,2019,410.864566288621,8572.87895610671
Angola,AGO,2020,437.653350565236,7827.42804325818
Angola,AGO,2021,392.355834569297,8862.28133314521
Angola,AGO,2022,392.507046928459,9588.24129511188
Benin,BEN,2000,55.2507685603464,1671.35725172854
Benin,BEN,2001,58.4237984440735,1745.98256227696
Benin,BEN,2002,64.8823921955602,1799.88269639499
Benin,BEN,2003,61.4173765681335,1841.60297283874
Benin,BEN,2004,66.7966320770419,1915.34644346381
Benin,BEN,2005,69.9014875606209,1945.56414052296
Benin,BEN,2006,70.9746720498521,2020.60567734722
Benin,BEN,2007,75.2738813368686,2135.53787873721
Benin,BEN,2008,81.3786386599896,2215.35163859542
Benin,BEN,2009,82.6548571874445,2213.32895620809
Benin,BEN,2010,86.042498257716,2220.32854611489
Benin,BEN,2011,87.4809768504332,2264.84186926384
Benin,BEN,2012,85.5000314013051,2346.08416204547
Benin,BEN,2013,91.5132310389721,2511.65309588333
Benin,BEN,2014,104.261068264345,2670.41561399187
Benin,BEN,2015,96.9132044108975,2725.33724817144
Benin,BEN,2016,92.068263531,2842.0246258376
Benin,BEN,2017,95.1014055074096,2885.89383987721
Benin,BEN,2018,96.9043345066564,2965.30628143664
Benin,BEN,2019,98.6897288428983,3148.97969597838
Benin,BEN,2020,98.4685048831427,3244.58772756805
Benin,BEN,2021,113.244820465956,3464.2886286745
Benin,BEN,2022,105.309051541913,3844.15415745816
Botswana,BWA,2000,1132.1213653181,9380.37607253972
Botswana,BWA,2001,1198.42032782519,9419.79390743785
Botswana,BWA,2002,1245.44135793801,9957.74055935149
Botswana,BWA,2003,1330.71582712746,10438.7580333449
Botswana,BWA,2004,1445.92633910044,10818.1586503167
Botswana,BWA,2005,1432.1609542377,11458.2270967968
Botswana,BWA,2006,1463.31106269565,12562.9649932723
Botswana,BWA,2007,1506.38263583998,13388.7379138475
Botswana,BWA,2008,1515.40792935276,13810.355526136
Botswana,BWA,2009,1501.50225576978,11686.1846639657
Botswana,BWA,2010,1566.07288042807,12753.3066340117
Botswana,BWA,2011,1535.05969274693,13635.4267666146
Botswana,BWA,2012,1531.80971224267,12736.5833891004
Botswana,BWA,2013,1589.68029814797,13621.1494726695
Botswana,BWA,2014,1723.72198721573,15003.3197518349
Botswana,BWA,2015,1773.72481757821,14143.6940733728
Botswana,BWA,2016,1700.39413346125,16228.1231235664
Botswana,BWA,2017,1616.85446148159,15700.6650479641
Botswana,BWA,2018,1586.24460178823,15785.819633781
Botswana,BWA,2019,1550.54515641167,15960.0156143903
Botswana,BWA,2020,1504.29393709101,15292.2624673252
Botswana,BWA,2021,1455.7925845357,17960.6254447437
Botswana,BWA,2022,1522.19852354121,19976.8343794474
Burkina Faso,BFA,2000,28.5940786275111,896.477481510815
Burkina Faso,BFA,2001,30.0121976403255,947.919374676953
Burkina Faso,BFA,2002,33.0418266152623,973.983933383218
Burkina Faso,BFA,2003,34.0148222071996,1037.83799374653
Burkina Faso,BFA,2004,36.5911479198636,1079.00009142751
Burkina Faso,BFA,2005,40.194879129333,1171.76432319587
Burkina Faso,BFA,2006,41.8820280669419,1244.00243844319
Burkina Faso,BFA,2007,42.723196812809,1290.49951017424
Burkina Faso,BFA,2008,43.3212721930585,1351.36041569133
Burkina Faso,BFA,2009,47.294518049765,1359.69224907302
Burkina Faso,BFA,2010,68.4326113105568,1449.42216382921
Burkina Faso,BFA,2011,75.6215914767985,1531.34338243982
Burkina Faso,BFA,2012,86.2436086701789,1571.83884477315
Burkina Faso,BFA,2013,92.0577761158276,1642.89213125776
Burkina Faso,BFA,2014,97.8635627240981,1661.31773793757
Burkina Faso,BFA,2015,112.794646056738,1691.57935387408
Burkina Faso,BFA,2016,108.612135513189,1881.75893134407
Burkina Faso,BFA,2017,111.890743966382,2042.40295259917
Burkina Faso,BFA,2018,117.475592867661,2073.3235382155
Burkina Faso,BFA,2019,122.555380338625,2232.16282016585
Burkina Faso,BFA,2020,130.36176787318,2380.72282781802
Burkina Faso,BFA,2021,129.709864992171,2486.43093147762
Burkina Faso,BFA,2022,131.191746177691,2645.24067996611
Cameroon,CMR,2000,182.328658169038,2108.49454959751
Cameroon,CMR,2001,171.854189786858,2190.89640724166
Cameroon,CMR,2002,161.26644523478,2263.05519674356
Cameroon,CMR,2003,173.758720422961,2368.10119477369
Cameroon,CMR,2004,199.873730372866,2532.64744424214
Cameroon,CMR,2005,193.621002057208,2597.68039893219
Cameroon,CMR,2006,255.093799249214,2704.43739800377
Cameroon,CMR,2007,263.325616945383,2817.7222811838
Cameroon,CMR,2008,276.891595459818,2870.44106866605
Cameroon,CMR,2009,274.354249932536,2878.95143886138
Cameroon,CMR,2010,270.489228579973,2913.94292755606
Cameroon,CMR,2011,238.875414287962,2988.8172872551
Cameroon,CMR,2012,240.755088690378,3059.64226568251
Cameroon,CMR,2013,245.019524934989,3238.86829843733
Cameroon,CMR,2014,250.409192827907,3422.26128158344
Cameroon,CMR,2015,278.517097655035,3497.66067563959
Cameroon,CMR,2016,251.426601872478,3626.99932028578
Cameroon,CMR,2017,263.504709618266,3767.43072883824
Cameroon,CMR,2018,275.453297645207,4010.76360069526
Cameroon,CMR,2019,261.623741305755,4241.11174920592
Cameroon,CMR,2020,259.742657901446,4365.44704128392
Cameroon,CMR,2021,277.383977073951,4793.55628200196
Cameroon,CMR,2022,283.68490442019,5188.97750866081
Chad,TCD,2000,7.04879516706408,1043.54539995059
Chad,TCD,2001,6.58782179805737,1151.92026849056
Chad,TCD,2002,6.36230566447043,1225.70701162711
Chad,TCD,2003,6.21849056575933,1377.74659566702
Chad,TCD,2004,6.14917123284633,1808.21202176525
Chad,TCD,2005,6.48716142342651,2101.69135982144
Chad,TCD,2006,6.53813075215403,2078.60167039399
Chad,TCD,2007,5.95578640745159,2149.25986052772
Chad,TCD,2008,5.66384833573481,2180.51680433217
Chad,TCD,2009,5.4650533380798,2087.14718677867
Chad,TCD,2010,5.44159121873369,2319.68883187561
Chad,TCD,2011,10.6624878077196,2388.16512149441
Chad,TCD,2012,11.8840378296931,2435.1240819184
Chad,TCD,2013,13.1472471965139,2110.24705136988
Chad,TCD,2014,13.5319160812586,2133.18441198787
Chad,TCD,2015,13.2444715766472,2377.51137185751
Chad,TCD,2016,13.0337080138448,2120.08751553857
Chad,TCD,2017,13.313909534161,2097.14425483604
Chad,TCD,2018,14.0500457678694,2227.81335372611
Chad,TCD,2019,14.3240518871099,2351.65339767739
Chad,TCD,2020,13.9334962352564,2185.99034173537
Chad,TCD,2021,16.5467513314386,2435.07274651099
Chad,TCD,2022,14.467376229158,2624.11789713994
"Congo, Dem. Rep.",COD,2000,90.0659352338612,416.548214460226
"Congo, Dem. Rep.",COD,2001,88.7543670812335,403.983196706619
"Congo, Dem. Rep.",COD,2002,83.255002314024,409.641833781142
"Congo, Dem. Rep.",COD,2003,83.8213925311724,428.332470700597
"Congo, Dem. Rep.",COD,2004,82.1085172480783,455.866557396548
"Congo, Dem. Rep.",COD,2005,83.3847661323576,483.910024827321
"Congo, Dem. Rep.",COD,2006,94.9915655804414,508.4008175183
"Congo, Dem. Rep.",COD,2007,98.4670511192528,549.827650078763
"Congo, Dem. Rep.",COD,2008,94.9516532396684,584.020810311472
"Congo, Dem. Rep.",COD,2009,100.418532517987,572.959249024865
"Congo, Dem. Rep.",COD,2010,98.5516423586714,605.785160280927
"Congo, Dem. Rep.",COD,2011,101.779394862429,643.764679093976
"Congo, Dem. Rep.",COD,2012,105.931888143898,647.801733284929
"Congo, Dem. Rep.",COD,2013,111.493171307147,760.64987993962
"Congo, Dem. Rep.",COD,2014,117.393104739215,859.356816141236
"Congo, Dem. Rep.",COD,2015,111.691746673444,910.393131638657
"Congo, Dem. Rep.",COD,2016,106.817328967655,950.022298158597
"Congo, Dem. Rep.",COD,2017,110.239152587959,990.545051394781
"Congo, Dem. Rep.",COD,2018,120.691664070634,1048.86502855672
"Congo, Dem. Rep.",COD,2019,125.780761131651,1056.17206659241
"Congo, Dem. Rep.",COD,2020,130.534433389612,1088.7890035637
"Congo, Dem. Rep.",COD,2021,133.667602188594,1402.38560295221
"Congo, Dem. Rep.",COD,2022,130.667931495784,1590.16404219556
"Congo, Rep.",COG,2000,95.8320970887034,3667.42487266336
"Congo, Rep.",COG,2001,104.506075867133,3748.44674931557
"Congo, Rep.",COG,2002,114.003612899837,3888.16402343345
"Congo, Rep.",COG,2003,113.473020265817,3886.99206795632
"Congo, Rep.",COG,2004,122.84206044839,3991.51124729764
"Congo, Rep.",COG,2005,114.976951855498,4278.92538741319
"Congo, Rep.",COG,2006,122.739066906863,4588.10924898465
"Congo, Rep.",COG,2007,122.097361340358,4242.61126846002
"Congo, Rep.",COG,2008,132.003830298987,4448.33261714253
"Congo, Rep.",COG,2009,140.147000188498,4800.90159806602
"Congo, Rep.",COG,2010,134.236008865403,5125.06991343643
"Congo, Rep.",COG,2011,140.78934009932,5175.20439089036
"Congo, Rep.",COG,2012,204.200023204548,6058.06449417412
"Congo, Rep.",COG,2013,198.060611900231,5833.86336651436
"Congo, Rep.",COG,2014,199.160751465067,5733.18393561256
"Congo, Rep.",COG,2015,297.395960946967,4715.13431581624
"Congo, Rep.",COG,2016,304.44979220823,4016.04908525318
"Congo, Rep.",COG,2017,306.484139165477,4444.63900215824
"Congo, Rep.",COG,2018,312.595862427181,5593.19370578686
"Congo, Rep.",COG,2019,358.041904255927,5719.59977338291
"Congo, Rep.",COG,2020,369.559749346013,4770.96449758365
"Congo, Rep.",COG,2021,383.049881512506,6263.21161292636
"Congo, Rep.",COG,2022,458.981319957369,6647.4968173139
Cote d'Ivoire,CIV,2000,161.76051488547,3040.57593185363
Cote d'Ivoire,CIV,2001,168.931992798469,2961.76287274216
Cote d'Ivoire,CIV,2002,163.175415018496,2851.03041356835
Cote d'Ivoire,CIV,2003,160.466040648678,2701.74168487851
Cote d'Ivoire,CIV,2004,159.020158203623,2794.17325719366
Cote d'Ivoire,CIV,2005,157.012561702548,2841.82308798173
Cote d'Ivoire,CIV,2006,165.865228077829,2941.82141168912
Cote d'Ivoire,CIV,2007,170.561332704534,2984.53472161562
Cote d'Ivoire,CIV,2008,178.298862452328,3115.83789187745
Cote d'Ivoire,CIV,2009,182.835301850991,3176.63242420617
Cote d'Ivoire,CIV,2010,196.326362450482,3360.54408826055
Cote d'Ivoire,CIV,2011,180.184492211296,3175.9192237076
Cote d'Ivoire,CIV,2012,215.578607613611,3290.72306949457
Cote d'Ivoire,CIV,2013,215.12315800796,3619.01790854865
Cote d'Ivoire,CIV,2014,253.675533011149,4074.21445539789
Cote d'Ivoire,CIV,2015,242.371746370227,4403.64296618998
Cote d'Ivoire,CIV,2016,239.674590472541,4530.64849808487
Cote d'Ivoire,CIV,2017,272.618059554926,4690.17801861096
Cote d'Ivoire,CIV,2018,259.756592707161,4945.62520575915
Cote d'Ivoire,CIV,2019,278.827988881925,5516.39055126829
Cote d'Ivoire,CIV,2020,290.017976203655,5543.85096318939
Cote d'Ivoire,CIV,2021,308.099910201629,6045.20480490879
Cote d'Ivoire,CIV,2022,323.704535370651,6719.44381557637
"Egypt, Arab Rep.",EGY,2000,920.128329208633,5451.51566992118
"Egypt, Arab Rep.",EGY,2001,966.76541772227,5650.05196237607
"Egypt, Arab Rep.",EGY,2002,1011.67199728402,5752.69708070468
"Egypt, Arab Rep.",EGY,2003,1072.59080857818,5928.07945344715
"Egypt, Arab Rep.",EGY,2004,1110.81832363429,6207.12492160943
"Egypt, Arab Rep.",EGY,2005,1175.17657364636,6554.12885095179
"Egypt, Arab Rep.",EGY,2006,1239.35308997225,7079.02808456919
"Egypt, Arab Rep.",EGY,2007,1322.40142460107,7640.57228597204
"Egypt, Arab Rep.",EGY,2008,1360.32477759888,8190.70913161
"Egypt, Arab Rep.",EGY,2009,1422.61340119401,8465.02052412662
"Egypt, Arab Rep.",EGY,2010,1611.5507866759,8837.76450033703
"Egypt, Arab Rep.",EGY,2011,1558.76859948243,8988.10781880653
"Egypt, Arab Rep.",EGY,2012,1562.35976897672,10342.4317112754
"Egypt, Arab Rep.",EGY,2013,1504.84268639395,10511.3931678495
"Egypt, Arab Rep.",EGY,2014,1576.47002900296,10256.4367553616
"Egypt, Arab Rep.",EGY,2015,1566.91932601976,10903.3368231185
"Egypt, Arab Rep.",EGY,2016,1478.93755564303,10665.6676499685
"Egypt, Arab Rep.",EGY,2017,1564.91967674335,11124.7351098149
"Egypt, Arab Rep.",EGY,2018,1557.63378420568,12329.2446781436
"Egypt, Arab Rep.",EGY,2019,1509.96960963248,13363.732696323
"Egypt, Arab Rep.",EGY,2020,1431.42132830586,15231.865417764
"Egypt, Arab Rep.",EGY,2021,1459.17777451245,15579.0160861551
"Egypt, Arab Rep.",EGY,2022,1477.94873388638,17526.8017030166
"Egypt, Arab Rep.",EGY,2023,1492.89603600873,18524.8392997937
Equatorial Guinea,GNQ,2000,89.5803799061254,7420.39310111594
Equatorial Guinea,GNQ,2001,165.369494129383,11626.7231171673
Equatorial Guinea,GNQ,2002,155.396844692133,13254.823622224
Equatorial Guinea,GNQ,2003,154.506275785446,14496.1744119688
Equatorial Guinea,GNQ,2004,178.905387941332,19354.2120821557
Equatorial Guinea,GNQ,2005,177.333599333732,22137.0497795007
Equatorial Guinea,GNQ,2006,179.735707729544,23511.39865709
Equatorial Guinea,GNQ,2007,189.181154468343,26610.7691219619
Equatorial Guinea,GNQ,2008,177.957271813597,30522.7787142774
Equatorial Guinea,GNQ,2009,198.120409660175,29722.0005631066
Equatorial Guinea,GNQ,2010,214.450606979316,26167.8268525276
Equatorial Guinea,GNQ,2011,285.867285106314,27241.6000370603
Equatorial Guinea,GNQ,2012,509.477124940954,30011.9274409625
Equatorial Guinea,GNQ,2013,556.373484829352,27909.5175876754
Equatorial Guinea,GNQ,2014,732.232817174681,27177.271665026
Equatorial Guinea,GNQ,2015,793.026865934441,19478.7010123338
Equatorial Guinea,GNQ,2016,822.179757669147,16649.4757672359
Equatorial Guinea,GNQ,2017,757.170397261642,18434.7708571004
Equatorial Guinea,GNQ,2018,752.27879848208,18413.1294204577
Equatorial Guinea,GNQ,2019,751.417364746371,16451.3641478324
Equatorial Guinea,GNQ,2020,732.317759492166,13677.110587517
Equatorial Guinea,GNQ,2021,731.754744465785,16821.4486470413
Equatorial Guinea,GNQ,2022,744.644574989812,18139.989326627
Eritrea,ERI,2000,80.1057039266481,1557.87580231581
Eritrea,ERI,2001,87.7997680875091,1683.68441866109
Eritrea,ERI,2002,94.0251017769491,1701.69523684878
Eritrea,ERI,2003,97.0366529893103,1620.85093040039
Eritrea,ERI,2004,93.9081332140751,1620.76402912482
Eritrea,ERI,2005,94.3178209952973,1674.07005453978
Eritrea,ERI,2006,89.1436366608939,1682.23894199347
Eritrea,ERI,2007,92.5918500216169,1727.09344172581
Eritrea,ERI,2008,90.188390765703,1546.92747535768
Eritrea,ERI,2009,94.1865759890023,1576.74284599077
Eritrea,ERI,2010,96.4285447506541,1599.19106106457
Eritrea,ERI,2011,94.3809957361801,1742.32363018235
Eswatini,SWZ,2000,656.79931324142,4400.66419449933
Eswatini,SWZ,2001,668.846045531005,4521.4032108244
Eswatini,SWZ,2002,799.478215398498,4741.61187847577
Eswatini,SWZ,2003,807.162276178869,5020.28286278551
Eswatini,SWZ,2004,721.235157138877,5309.60507878112
Eswatini,SWZ,2005,868.378957982321,5772.68986514959
Eswatini,SWZ,2006,952.568892954494,6319.41444308281
Eswatini,SWZ,2007,981.93370343035,6731.95411367419
Eswatini,SWZ,2008,991.721086868028,6913.68732720184
Eswatini,SWZ,2009,1393.4722160642,7010.9331263514
Eswatini,SWZ,2010,1339.45036657221,7324.46393085837
Eswatini,SWZ,2011,1082.45149320158,7570.9966142438
Eswatini,SWZ,2012,1025.92575785483,7760.32280456285
Eswatini,SWZ,2013,1114.1691519394,8231.15139767951
Eswatini,SWZ,2014,1129.10422344823,8365.743287389
Eswatini,SWZ,2015,1125.29346446006,8391.07006084602
Eswatini,SWZ,2016,1060.45461228161,8484.12117278345
Eswatini,SWZ,2017,1147.47516609897,8584.31100767837
Eswatini,SWZ,2018,1066.78848758137,8535.25593160454
Eswatini,SWZ,2019,1133.17184716334,9248.32206714455
Eswatini,SWZ,2020,1092.45268623468,9329.30453360939
Eswatini,SWZ,2021,1082.38652138708,9990.43491951205
Eswatini,SWZ,2022,1137.07496080537,10635.3924156113
Ethiopia,ETH,2000,22.3552381141412,473.903313482073
Ethiopia,ETH,2001,26.0621431439971,509.119301829784
Ethiopia,ETH,2002,25.6855827535941,509.126314077643
Ethiopia,ETH,2003,27.9821953597962,492.840755429983
Ethiopia,ETH,2004,30.0352775836694,557.825634817804
Ethiopia,ETH,2005,32.6666153698722,624.510692425695
Ethiopia,ETH,2006,36.4544333832403,692.866907656774
Ethiopia,ETH,2007,38.4100654009579,770.261155212815
Ethiopia,ETH,2008,38.4949590891987,844.988380018695
Ethiopia,ETH,2009,37.3490318499181,899.140901796651
Ethiopia,ETH,2010,42.6558801263294,995.653978578747
Ethiopia,ETH,2011,47.8261023594533,1098.11515728787
Ethiopia,ETH,2012,55.2407944874698,1178.97474553026
Ethiopia,ETH,2013,65.1369499801963,1252.86896408004
Ethiopia,ETH,2014,65.4795041042624,1484.63145566608
Ethiopia,ETH,2015,73.8443396941679,1632.61818006837
Ethiopia,ETH,2016,81.1483241249976,1857.54946515224
Ethiopia,ETH,2017,80.8177660045461,2004.74755633129
Ethiopia,ETH,2018,91.919211356599,2095.3175782979
Ethiopia,ETH,2019,92.3124380650632,2242.44488310464
Ethiopia,ETH,2020,93.3839345037291,2406.78938478669
Ethiopia,ETH,2021,83.8801247645011,2588.41310215884
Ethiopia,ETH,2022,92.4358249132126,2844.92274535753
Gabon,GAB,2000,847.46294211538,13326.1169521318
Gabon,GAB,2001,862.866135864,13555.6285395224
Gabon,GAB,2002,883.926148676527,13369.1233374468
Gabon,GAB,2003,891.23593879987,13564.1804141405
Gabon,GAB,2004,869.437376944012,13637.6667971195
Gabon,GAB,2005,868.468973245553,14028.356207939
Gabon,GAB,2006,891.047557674445,13637.2590188998
Gabon,GAB,2007,912.45742133107,14391.2465868132
Gabon,GAB,2008,921.492681257486,13733.7012862122
Gabon,GAB,2009,881.703656091038,13383.5662273185
Gabon,GAB,2010,896.574700894656,14014.6905491122
Gabon,GAB,2011,908.537389484199,14784.3483551883
Gabon,GAB,2012,930.75436585523,14619.7181445113
Gabon,GAB,2013,924.697042798994,14497.9921216902
Gabon,GAB,2014,933.077705761072,14853.6712460355
Gabon,GAB,2015,965.218332876855,14306.4340768252
Gabon,GAB,2016,1011.28121330892,13997.7352841911
Gabon,GAB,2017,1038.99114469841,14796.6286374171
Gabon,GAB,2018,1017.0328135467,15432.0430535353
Gabon,GAB,2019,1014.68179737585,15949.6373739622
Gabon,GAB,2020,1022.15721673565,14477.1308291744
Gabon,GAB,2021,1011.47715214484,18523.5798032193
Gabon,GAB,2022,1065.10467769784,19992.5570643468
Ghana,GHA,2000,320.210426322397,2315.17803047482
Ghana,GHA,2001,325.282766672738,2397.30067037823
Ghana,GHA,2002,298.851080408163,2475.09635357919
Ghana,GHA,2003,212.333316351051,2584.47723729151
Ghana,GHA,2004,210.990356908434,2729.34450244911
Ghana,GHA,2005,235.907910033204,2903.83429043881
Ghana,GHA,2006,284.800350267106,3103.22625820374
Ghana,GHA,2007,234.579754346017,3241.22081107324
Ghana,GHA,2008,253.113965697078,3515.58923520243
Ghana,GHA,2009,254.920389866508,3617.23944435035
Ghana,GHA,2010,272.188473442291,3855.46891716757
Ghana,GHA,2011,305.804678642969,4381.12535523694
Ghana,GHA,2012,336.646584077036,4933.65254349093
Ghana,GHA,2013,351.96567847163,5214.56935848794
Ghana,GHA,2014,341.920672692192,5517.13178763566
Ghana,GHA,2015,306.209199113969,5191.37053389659
Ghana,GHA,2016,357.703181095504,5011.07931572904
Ghana,GHA,2017,408.852814786176,5170.96094857439
Ghana,GHA,2018,444.388811977184,5536.49795400218
Ghana,GHA,2019,469.785528590296,6002.55044678386
Ghana,GHA,2020,503.546668885278,6047.30111673554
Ghana,GHA,2021,542.211680584058,6607.50297378321
Ghana,GHA,2022,552.502821188307,7208.15798982723
Kenya,KEN,2000,109.062820119121,1906.89794095999
Kenya,KEN,2001,118.061290033862,1961.05816869463
Kenya,KEN,2002,117.71445299341,1940.4030326056
Kenya,KEN,2003,125.816353944879,1974.8582021244
Kenya,KEN,2004,130.957866337419,2066.31540638632
Kenya,KEN,2005,131.018454214665,2188.6956101775
Kenya,KEN,2006,133.318852521385,2330.13028941165
Kenya,KEN,2007,140.602348558743,2481.08706146996
Kenya,KEN,2008,141.329143331906,2459.12174524213
Kenya,KEN,2009,140.835342400265,2480.0442906801
Kenya,KEN,2010,146.399273801908,2634.89271323826
Kenya,KEN,2011,152.928796946176,2750.28663787693
Kenya,KEN,2012,149.903266936523,2847.27068286846
Kenya,KEN,2013,159.402345457359,3106.39394464885
Kenya,KEN,2014,165.749431505291,3359.48950665093
Kenya,KEN,2015,172.165083273152,3678.32614146019
Kenya,KEN,2016,173.266602252732,3916.65315673095
Kenya,KEN,2017,175.597404158555,4177.24993580267
Kenya,KEN,2018,178.142110438668,4411.56104120886
Kenya,KEN,2019,175.810605144907,4687.37782325306
Kenya,KEN,2020,172.643819770653,4792.57315847182
Kenya,KEN,2021,184.426039295693,5338.85243382781
Kenya,KEN,2022,189.355465367737,5883.22303961921
Kenya,KEN,2023,190.082933008388,6317.03904665091
Libya,LBY,2000,2243.91194681416,20616.9848683599
Libya,LBY,2001,2272.1725118943,20331.6315181003
Libya,LBY,2002,2783.56186267907,20060.6396913983
Libya,LBY,2003,2948.35852523704,22662.7242140997
Libya,LBY,2004,3091.85100196228,23813.4011504496
Libya,LBY,2005,3392.67542591501,26902.8985878895
Libya,LBY,2006,3733.14587060557,28935.6615820305
Libya,LBY,2007,3712.2525137688,30928.9422810828
Libya,LBY,2008,3066.98976654377,30812.2837288703
Libya,LBY,2009,3027.47771760693,29027.1468071228
Libya,LBY,2010,3206.45063689636,30234.0918728805
Libya,LBY,2011,2796.22140423379,15698.0519072612
Libya,LBY,2012,4499.03290454884,26826.0729756733
Libya,LBY,2013,4879.1141999179,21151.0051911633
Libya,LBY,2014,4766.11155125083,17509.5285087845
Libya,LBY,2015,4651.6904402893,17903.2565395803
Libya,LBY,2016,3840.24670218871,16961.0177111717
Libya,LBY,2017,3991.82640155399,18026.0187834008
Libya,LBY,2018,4050.77780803337,18879.3151301984
Libya,LBY,2019,4088.60093168886,16194.1082061146
Libya,LBY,2020,3521.02130766476,10954.799045265
Libya,LBY,2021,4001.72385400498,12641.5097714075
Libya,LBY,2022,3979.06643382539,12266.3896804716
Madagascar,MDG,2000,45.8939505839612,1235.78733941908
Madagascar,MDG,2001,47.2613681056452,1298.56378873164
Madagascar,MDG,2002,42.7352545850227,1121.08749552772
Madagascar,MDG,2003,47.64314718346,1218.83563168796
Madagascar,MDG,2004,50.62717503373,1279.54611058565
Madagascar,MDG,2005,49.4788359759364,1342.51929937145
Madagascar,MDG,2006,48.9080356105236,1416.40465948998
Madagascar,MDG,2007,49.3144625292029,1493.37545004972
Madagascar,MDG,2008,50.4687476103813,1577.33838928618
Madagascar,MDG,2009,48.3587719656495,1479.82980025947
Madagascar,MDG,2010,51.0743648161188,1463.87646786391
Madagascar,MDG,2011,57.6628998830092,1475.17055178114
Madagascar,MDG,2012,71.56119069979,1463.61756926447
Madagascar,MDG,2013,75.738439414848,1473.40398077255
Madagascar,MDG,2014,78.2172823609166,1498.83976908219
Madagascar,MDG,2015,79.1294128511043,1496.61172412841
Madagascar,MDG,2016,66.3985895452988,1561.51962374608
Madagascar,MDG,2017,81.3039238102348,1546.88001890817
Madagascar,MDG,2018,82.0878732315919,1546.59563549795
Madagascar,MDG,2019,82.6377341045149,1612.29772715626
Madagascar,MDG,2020,70.3540525384861,1490.32312837866
Madagascar,MDG,2021,80.2934672339167,1577.43246056529
Madagascar,MDG,2022,81.3148068743768,1716.97884873797
Mauritius,MUS,2000,1363.24610973541,9143.0073732792
Mauritius,MUS,2001,1453.66454705267,9585.8047303181
Mauritius,MUS,2002,1473.49249265952,9823.53996405315
Mauritius,MUS,2003,1561.7659905882,10534.5572530361
Mauritius,MUS,2004,1614.24664804263,11215.7002784358
Mauritius,MUS,2005,1683.69083267793,11703.4765244451
Mauritius,MUS,2006,1743.11748174224,12592.5218946608
Mauritius,MUS,2007,1816.67110347442,13612.2512989533
Mauritius,MUS,2008,1881.64977522283,14569.1531207728
Mauritius,MUS,2009,1907.12256970136,15104.8081548746
Mauritius,MUS,2010,1995.36148432502,15919.6622762525
Mauritius,MUS,2011,2032.09188089466,16883.565820961
Mauritius,MUS,2012,2075.831965105,17259.4018011357
Mauritius,MUS,2013,2147.86083704615,18435.2031858652
Mauritius,MUS,2014,2184.41367324026,19294.4682829555
Mauritius,MUS,2015,2232.99302625192,20269.523509561
Mauritius,MUS,2016,2271.02418442932,21951.8307433111
Mauritius,MUS,2017,2317.99362314578,22897.9700922102
Mauritius,MUS,2018,2330.16244764246,23415.5237589118
Mauritius,MUS,2019,2412.35085723764,24374.7818286566
Mauritius,MUS,2020,2164.27306491081,21621.5971225158
Mauritius,MUS,2021,2211.89670339737,23010.2013826905
Mauritius,MUS,2022,2334.2149014315,26874.4899927593
Mauritius,MUS,2023,2465.06818980865,29560.7137230079
Morocco,MAR,2000,496.421350902873,3930.22314453125
Morocco,MAR,2001,530.598279492826,4268.86962890625
Morocco,MAR,2002,540.719337552369,4436.4287109375
Morocco,MAR,2003,585.802201213571,4741.0615234375
Morocco,MAR,2004,559.008778347477,5024.6943359375
Morocco,MAR,2005,589.693493778803,5274.74169921875
Morocco,MAR,2006,641.931875341269,5780.6181640625
Morocco,MAR,2007,663.749418497792,6057.935546875
Morocco,MAR,2008,695.325782608515,6437.0634765625
Morocco,MAR,2009,709.255329358531,6628.57666015625
Morocco,MAR,2010,732.99005981948,6848.66748046875
Morocco,MAR,2011,783.651531748278,7274.1474609375
Morocco,MAR,2012,835.460910026104,7307.6123046875
Morocco,MAR,2013,850.223888541736,7542.0986328125
Morocco,MAR,2014,882.829826708431,7237.27734375
Morocco,MAR,2015,886.308517080127,7799.09228515625
Morocco,MAR,2016,903.451649561607,7853.17626953125
Morocco,MAR,2017,931.603983841289,8115.12060546875
Morocco,MAR,2018,923.0251541863,7801.0986328125
Morocco,MAR,2019,940.186570352384,8046.22900390625
Morocco,MAR,2020,916.187662173799,7704.84912109375
Morocco,MAR,2021,950.467605491107,8623.265625
Morocco,MAR,2022,978.27258674367,9310.0322265625
Morocco,MAR,2023,997.255419654568,9894.650390625
Mozambique,MOZ,2000,123.168380553119,471.967329761791
Mozambique,MOZ,2001,273.388396173016,532.627310160456
Mozambique,MOZ,2002,264.738396372087,580.040921427185
Mozambique,MOZ,2003,375.300213098122,619.987510681772
Mozambique,MOZ,2004,452.412217488706,673.345717268781
Mozambique,MOZ,2005,457.43398936466,721.411761943486
Mozambique,MOZ,2006,467.453664864153,798.387667642541
Mozambique,MOZ,2007,470.085098696967,861.987682743539
Mozambique,MOZ,2008,454.969687936717,916.155850233958
Mozambique,MOZ,2009,455.703653288299,951.485453763858
Mozambique,MOZ,2010,466.145939201891,1000.2411486648
Mozambique,MOZ,2011,493.254715339596,1063.65543296311
Mozambique,MOZ,2012,483.814385217163,1075.87786085361
Mozambique,MOZ,2013,486.036606587896,1113.7525275929
Mozambique,MOZ,2014,466.52622925551,1165.82826607505
Mozambique,MOZ,2015,477.143446489193,1317.88785956822
Mozambique,MOZ,2016,481.835951539126,1379.10740028691
Mozambique,MOZ,2017,472.797493097536,1282.74965991801
Mozambique,MOZ,2018,450.262252088692,1325.58695568953
Mozambique,MOZ,2019,459.035790603653,1388.79707034446
Mozambique,MOZ,2020,417.363897399168,1411.62040229911
Mozambique,MOZ,2021,406.114583793262,1457.23540930922
Mozambique,MOZ,2022,397.718709002866,1581.9441944262
Namibia,NAM,2000,1038.68425263396,5128.61433644621
Namibia,NAM,2001,1071.59319522166,5196.15009836199
Namibia,NAM,2002,1105.30854987116,5433.26902723843
Namibia,NAM,2003,1147.34878985994,5692.63373752872
Namibia,NAM,2004,1429.39381550316,6479.76368965829
Namibia,NAM,2005,1501.08157198632,6766.5998120605
Namibia,NAM,2006,1591.45494124168,7373.75822211888
Namibia,NAM,2007,1598.63271574358,7874.93144508288
Namibia,NAM,2008,1638.93904221477,8124.81517886749
Namibia,NAM,2009,1589.01007704846,8079.38392286218
Namibia,NAM,2010,1596.35152153439,8538.19995395948
Namibia,NAM,2011,1622.30789838445,9002.23004537057
Namibia,NAM,2012,1666.77754215471,9363.76632318029
Namibia,NAM,2013,1687.45238640662,9699.2083777865
Namibia,NAM,2014,1636.57980770187,10365.3090596781
Namibia,NAM,2015,1611.42231394516,10465.8920558516
Namibia,NAM,2016,1623.88442501741,10200.1392609733
Namibia,NAM,2017,1648.68063663885,9887.9393548255
Namibia,NAM,2018,1667.23120504305,9853.73533646074
Namibia,NAM,2019,1566.87772166245,9609.48555672874
Namibia,NAM,2020,1426.28781843195,9354.13136713077
Namibia,NAM,2021,1251.00158403272,9709.09930646771
Namibia,NAM,2022,1230.93981233791,10662.7017064119
Niger,NER,2000,32.2338771967474,764.28188514316
Niger,NER,2001,30.3674792148446,809.387186909375
Niger,NER,2002,30.0425681326576,832.469364409205
Niger,NER,2003,29.4600665281757,836.978440593236
Niger,NER,2004,33.1679058899869,832.125196599523
Niger,NER,2005,36.3472681974779,888.304262543839
Niger,NER,2006,34.5514385768283,935.175329354286
Niger,NER,2007,38.774325992106,954.892280110555
Niger,NER,2008,38.9274384085578,1010.43184621169
Niger,NER,2009,42.3365378433768,998.792501504778
Niger,NER,2010,43.9910120561357,1057.51100257385
Niger,NER,2011,47.2162690845278,1064.41917390361
Niger,NER,2012,49.2241616180599,1161.78908289767
Niger,NER,2013,48.2184081143427,1137.76904129571
Niger,NER,2014,51.2596099409089,1161.32515723793
Niger,NER,2015,55.3674922006562,1172.19178758955
Niger,NER,2016,65.2139663467895,1188.55709229837
Niger,NER,2017,56.1686470157887,1208.14609955266
Niger,NER,2018,55.615475145674,1275.99643935327
Niger,NER,2019,61.6182226437207,1419.16805070193
Niger,NER,2020,61.2203260083551,1496.83350023022
Niger,NER,2021,61.1375169679057,1585.59922021188
Niger,NER,2022,62.4210526773239,1839.96909675903
Nigeria,NGA,2000,95.551208223506,3138.99138910401
Nigeria,NGA,2001,97.4337529601961,3308.50611479543
Nigeria,NGA,2002,130.993777278617,3770.1793488182
Nigeria,NGA,2003,119.662417001235,4014.86695354936
Nigeria,NGA,2004,139.603094620336,4381.13682825117
Nigeria,NGA,2005,132.053253001558,4678.09163245173
Nigeria,NGA,2006,126.625553955774,4975.26979314967
Nigeria,NGA,2007,131.280482659633,5297.97029503285
Nigeria,NGA,2008,121.805884036407,5607.00840150758
Nigeria,NGA,2009,111.465965725132,5927.46111768635
Nigeria,NGA,2010,140.756083641038,6301.18372544791
Nigeria,NGA,2011,142.852476524073,6585.36193271035
Nigeria,NGA,2012,149.863259565623,6670.83826243627
Nigeria,NGA,2013,159.895548532563,7004.13119554477
Nigeria,NGA,2014,187.862181575203,7396.12835532947
Nigeria,NGA,2015,200.674585058631,7307.83788188925
Nigeria,NGA,2016,219.234490546382,7072.49693372311
Nigeria,NGA,2017,138.189099785828,7036.67414372387
Nigeria,NGA,2018,139.617321282156,7158.17107571781
Nigeria,NGA,2019,138.391346832216,7551.39380367192
Nigeria,NGA,2020,141.081956971933,7414.7749554048
Nigeria,NGA,2021,142.790930090716,7588.47885596359
Nigeria,NGA,2022,135.603309430584,8304.9581050353
Rwanda,RWA,2000,25.3228326364076,609.265855545553
Rwanda,RWA,2001,26.1852948693474,669.875436350145
Rwanda,RWA,2002,28.451771271568,759.662612911492
Rwanda,RWA,2003,27.7167188296091,774.508237332335
Rwanda,RWA,2004,23.59120791975,832.279719304053
Rwanda,RWA,2005,24.5181195530015,914.227366408104
Rwanda,RWA,2006,28.1743272519084,1002.28949388428
Rwanda,RWA,2007,27.6441730010043,1078.93885246368
Rwanda,RWA,2008,29.9869373229151,1190.7575798332
Rwanda,RWA,2009,29.4221957864235,1240.54972631385
Rwanda,RWA,2010,28.1074398163983,1314.13559494324
Rwanda,RWA,2011,31.6822828796604,1412.90752155318
Rwanda,RWA,2012,35.3650508901236,1454.52507891388
Rwanda,RWA,2013,33.1730569873456,1512.24171253848
Rwanda,RWA,2014,35.284520381738,1677.56869684182
Rwanda,RWA,2015,41.2370354626478,1780.74171636863
Rwanda,RWA,2016,47.2347811087387,1866.38968530286
Rwanda,RWA,2017,48.1885845504775,1967.94286602499
Rwanda,RWA,2018,56.7745217086873,2125.49522712839
Rwanda,RWA,2019,55.1811456122419,2336.03967302732
Rwanda,RWA,2020,54.8759333213785,2284.89889795328
Rwanda,RWA,2021,60.6502606463671,2733.43566762447
Rwanda,RWA,2022,68.1267274337541,3098.67700634994
Senegal,SEN,2000,100.820002688533,1963.27509878739
Senegal,SEN,2001,122.393723571523,2043.85289540933
Senegal,SEN,2002,144.751483201089,2026.77782446969
Senegal,SEN,2003,125.359382217025,2130.50797474486
Senegal,SEN,2004,138.214368754843,2236.29400949837
Senegal,SEN,2005,158.159799606105,2350.20037042455
Senegal,SEN,2006,157.911752721326,2422.09761798858
Senegal,SEN,2007,182.747420126379,2499.31582882192
Senegal,SEN,2008,160.345802487999,2580.71949180217
Senegal,SEN,2009,211.714164155803,2605.72280250701
Senegal,SEN,2010,223.577970898142,2662.50486626479
Senegal,SEN,2011,224.787649751364,2684.94989722318
Senegal,SEN,2012,238.758964260908,2764.26130708482
Senegal,SEN,2013,238.934875586479,2768.76818711984
Senegal,SEN,2014,255.227103365988,2853.80456250635
Senegal,SEN,2015,264.024711013544,2994.28032714875
Senegal,SEN,2016,275.831867207475,3101.12348494108
Senegal,SEN,2017,263.069432882787,3234.36158194088
Senegal,SEN,2018,271.6391054245,3380.21596529445
Senegal,SEN,2019,310.52554399758,3647.95137357242
Senegal,SEN,2020,312.164609920211,3752.91947490817
Senegal,SEN,2021,329.600129888931,4173.67741399619
Senegal,SEN,2022,399.521774928173,4530.22059496055
Senegal,SEN,2023,410.176742198745,4777.61451861578
South Africa,ZAF,2000,4367.07436700376,8095.29428867929
South Africa,ZAF,2001,4121.6352582053,8428.31681707531
South Africa,ZAF,2002,4352.59363322106,8792.35588574265
South Africa,ZAF,2003,4392.31899944306,9138.82823855017
South Africa,ZAF,2004,4430.65327702987,9713.65348468834
South Africa,ZAF,2005,4486.13562249999,10440.6275147132
South Africa,ZAF,2006,4579.43780742684,11250.179555872
South Africa,ZAF,2007,4716.41952206696,12046.6051072501
South Africa,ZAF,2008,4543.32039267294,12525.2630299811
South Africa,ZAF,2009,4321.02092393294,12261.4115911303
South Africa,ZAF,2010,4444.78399274065,12637.2912226018
South Africa,ZAF,2011,4480.89596030433,13143.1933361097
South Africa,ZAF,2012,4288.91763384965,12986.7976675307
South Africa,ZAF,2013,4207.92039823997,13369.4382039605
South Africa,ZAF,2014,4118.70972625192,13358.9417186608
South Africa,ZAF,2015,4023.19763663539,13397.5234813346
South Africa,ZAF,2016,3935.6578258883,13519.3235102376
South Africa,ZAF,2017,3939.81715536776,13738.4385854596
South Africa,ZAF,2018,3906.31764444206,13347.3634826038
South Africa,ZAF,2019,3768.65196675465,13361.4851289112
South Africa,ZAF,2020,3477.81901111187,12671.0862436851
South Africa,ZAF,2021,3518.45270679031,13681.9548144813
South Africa,ZAF,2022,3404.62349072379,14749.0478045301
South Africa,ZAF,2023,3247.14853342661,15199.7329823776
South Sudan,SSD,2012,38.9541326708962,1417.38566439045
South Sudan,SSD,2013,39.8521440677397,1916.8535588619
South Sudan,SSD,2014,40.2311582666174,1372.75618491146
South Sudan,SSD,2015,49.6058495649945,1154.88686304107
Sudan,SDN,2000,81.0303290338248,2616.46459960938
Sudan,SDN,2001,68.7665538558539,2769.4228515625
Sudan,SDN,2002,80.2977153264321,2898.138671875
Sudan,SDN,2003,85.1283456150623,3058.10375976563
Sudan,SDN,2004,86.1024071464409,3215.236328125
Sudan,SDN,2005,101.495583646627,3407.35180664063
Sudan,SDN,2006,113.589353233038,3637.32666015625
Sudan,SDN,2007,122.725657185822,3836.48901367188
Sudan,SDN,2008,133.684352655456,3937.52685546875
Sudan,SDN,2009,153.287126574523,3731.61474609375
Sudan,SDN,2010,178.373773899142,3805.62744140625
Sudan,SDN,2011,194.184933230321,4112.21875
Sudan,SDN,2012,217.993153243743,3710.376953125
Sudan,SDN,2013,233.685367238936,3724.9599609375
Sudan,SDN,2014,237.048260532497,4260.57177734375
Sudan,SDN,2015,250.971712752144,4217.01025390625
Sudan,SDN,2016,286.913014702026,4470.35498046875
Sudan,SDN,2017,311.230621422247,4252.42138671875
Sudan,SDN,2018,304.856846152378,4199.25048828125
Sudan,SDN,2019,282.711656394576,3914.2255859375
Sudan,SDN,2020,300.4537518473,3348.57836914063
Sudan,SDN,2021,304.138454959173,3248.9755859375
Sudan,SDN,2022,278.81869324934,3355.37817382813
Tanzania,TZA,2000,58.6979521595052,1163.64367675781
Tanzania,TZA,2001,62.4461994598091,1228.52233886719
Tanzania,TZA,2002,67.910062161654,1302.05554199219
Tanzania,TZA,2003,67.9975804508844,1379.45776367188
Tanzania,TZA,2004,79.507383795629,1482.162109375
Tanzania,TZA,2005,79.4751151010988,1598.03747558594
Tanzania,TZA,2006,65.541789877042,1706.54846191406
Tanzania,TZA,2007,81.5966748522379,1820.00134277344
Tanzania,TZA,2008,86.1624917478508,1908.37353515625
Tanzania,TZA,2009,72.8102239213464,1972.16784667969
Tanzania,TZA,2010,96.7190848806153,2069.40185546875
Tanzania,TZA,2011,88.1176575815175,2211.466796875
Tanzania,TZA,2012,98.6822802087041,2083.48486328125
Tanzania,TZA,2013,100.38069701931,2176.21655273438
Tanzania,TZA,2014,103.015774382307,2221.1796875
Tanzania,TZA,2015,105.515157524384,2317.27978515625
Tanzania,TZA,2016,105.696318109911,2434.69995117188
Tanzania,TZA,2017,107.972829443359,2472.4931640625
Tanzania,TZA,2018,110.956072067997,2727.88012695313
Tanzania,TZA,2019,114.964301328413,2981.87451171875
Tanzania,TZA,2020,112.148371475424,3290.60986328125
Tanzania,TZA,2021,120.92869930568,3493.0830078125
Tanzania,TZA,2022,123.470486172843,3799.8623046875
Togo,TGO,2000,91.2444793685337,1314.73739642693
Togo,TGO,2001,94.7439469039763,1320.13616908956
Togo,TGO,2002,92.5502754894727,1357.0098170239
Togo,TGO,2003,98.8803110569261,1439.85178331415
Togo,TGO,2004,103.045585119866,1427.00228439547
Togo,TGO,2005,105.053680891061,1367.51066289847
Togo,TGO,2006,104.148157908572,1407.06825596295
Togo,TGO,2007,97.9260364323638,1387.20061733991
Togo,TGO,2008,100.175668554826,1429.30636492931
Togo,TGO,2009,118.439558812643,1474.18338993482
Togo,TGO,2010,118.379405251174,1537.05369658593
Togo,TGO,2011,128.678283183021,1615.98146436985
Togo,TGO,2012,147.308673354424,1645.31290397424
Togo,TGO,2013,86.8856000775245,1715.36073848665
Togo,TGO,2014,173.035617501623,1803.14811022135
Togo,TGO,2015,91.6066992944849,1879.66835517243
Togo,TGO,2016,126.617893538912,1932.92614273869
Togo,TGO,2017,170.40786184676,1985.52622129406
Togo,TGO,2018,125.442286982408,2067.0664295966
Togo,TGO,2019,167.078889121534,2214.69915550677
Togo,TGO,2020,162.058290233133,2384.06645451827
Togo,TGO,2021,161.515970426583,2638.81095267963
Togo,TGO,2022,191.864716012717,2935.01367320787
Tunisia,TUN,2000,970.820594299911,6278.98680881057
Tunisia,TUN,2001,1027.38924485573,6593.38196542465
Tunisia,TUN,2002,1055.40632491652,6715.11078442505
Tunisia,TUN,2003,981.07238231103,7098.4235616264
Tunisia,TUN,2004,1019.95216877794,7671.84535965305
Tunisia,TUN,2005,1067.82018419045,8116.9548993789
Tunisia,TUN,2006,1092.06961641768,8728.65712549855
Tunisia,TUN,2007,1135.92592471994,9479.35063936328
Tunisia,TUN,2008,1174.46919105138,9975.02232125899
Tunisia,TUN,2009,1259.16831045827,10237.08899945
Tunisia,TUN,2010,1348.41417130628,10555.0887033221
Tunisia,TUN,2011,1305.43398032433,10435.9956675373
Tunisia,TUN,2012,1387.96457325108,10614.531301194
Tunisia,TUN,2013,1401.62409242461,10671.569727457
Tunisia,TUN,2014,1442.84055897809,10946.8935757638
Tunisia,TUN,2015,1438.92476090713,10782.5438382441
Tunisia,TUN,2016,1442.05656261943,10993.6638464522
Tunisia,TUN,2017,1457.53426162555,11288.7800135085
Tunisia,TUN,2018,1464.78938361724,11841.4061980603
Tunisia,TUN,2019,1533.80006418483,12494.7905733455
Tunisia,TUN,2020,1423.24360072781,11918.066205483
Tunisia,TUN,2021,1519.59286298466,12444.3264026887
Tunisia,TUN,2022,1595.4672096668,13618.5389918651
Uganda,UGA,2000,29.7498140636621,1124.20958232447
Uganda,UGA,2001,33.0966913168992,1172.6831745569
Uganda,UGA,2002,30.588022419728,1254.98203506699
Uganda,UGA,2003,33.5456830728331,1320.23991630988
Uganda,UGA,2004,36.6789832188128,1405.24288438896
Uganda,UGA,2005,40.5531695502628,1496.50947836066
Uganda,UGA,2006,33.0624401199097,1659.72529096776
Uganda,UGA,2007,40.4000481563178,1794.53518881483
Uganda,UGA,2008,53.0459630499503,1930.70869517816
Uganda,UGA,2009,49.9822725088821,2014.60879442098
Uganda,UGA,2010,59.8626733601718,2091.55963145331
Uganda,UGA,2011,56.2741932935492,2267.72270357093
Uganda,UGA,2012,59.4686184799227,2031.94669538814
Uganda,UGA,2013,61.7199368300267,2044.88182485845
Uganda,UGA,2014,64.760683994816,2134.00916281741
Uganda,UGA,2015,74.5774623231943,2189.96485919003
Uganda,UGA,2016,75.9552683007092,2165.29759404413
Uganda,UGA,2017,69.3175972514689,2157.95747503369
Uganda,UGA,2018,75.2300609604076,2312.05752813495
Uganda,UGA,2019,80.7448676834179,2441.37445233821
Uganda,UGA,2020,78.8849452164637,2532.21950102069
Uganda,UGA,2021,84.2500903379653,2684.92035939744
Uganda,UGA,2022,89.8701256209773,2919.17775407108
Zambia,ZMB,2000,623.201233904503,1708.51552615927
Zambia,ZMB,2001,642.894049840269,1785.06711385476
Zambia,ZMB,2002,666.513335103314,1837.06585172035
Zambia,ZMB,2003,683.109674018388,1942.21520871647
Zambia,ZMB,2004,703.462754839878,2067.9372845653
Zambia,ZMB,2005,706.385174137428,2212.81202553596
Zambia,ZMB,2006,712.722059914327,2377.99239778211
Zambia,ZMB,2007,660.958521171962,2554.68937629218
Zambia,ZMB,2008,581.814875353689,2708.00819669101
Zambia,ZMB,2009,556.989127592985,2872.46418366268
Zambia,ZMB,2010,575.485725848825,3097.66400499243
Zambia,ZMB,2011,613.459284228701,3228.48714255039
Zambia,ZMB,2012,711.3627407521,3323.63312219856
Zambia,ZMB,2013,724.33288999277,3477.28178777683
Zambia,ZMB,2014,695.173389140133,3441.31497643775
Zambia,ZMB,2015,718.149648434739,3337.47306887696
Zambia,ZMB,2016,661.329091746139,3313.35121570029
Zambia,ZMB,2017,719.383624633915,3391.62768492775
Zambia,ZMB,2018,748.877421062005,3442.27307196302
Zambia,ZMB,2019,695.479743558319,3361.39750299612
Zambia,ZMB,2020,621.898019323279,3157.30009311643
Zambia,ZMB,2021,674.365691987194,3503.03491418372
Zambia,ZMB,2022,703.966836001778,3840.72450511139
Zimbabwe,ZWE,2000,897.069514057915,3429.12057152309
Zimbabwe,ZWE,2001,868.533744139715,3533.08605903604
Zimbabwe,ZWE,2002,868.654982071375,3237.57082661378
Zimbabwe,ZWE,2003,861.651544028064,2707.98957173272
Zimbabwe,ZWE,2004,831.803857965488,2591.02005431794
Zimbabwe,ZWE,2005,862.823620940139,2495.92081736268
Zimbabwe,ZWE,2006,838.764383495516,2453.75642369722
Zimbabwe,ZWE,2007,727.65993406153,2396.37835055325
Zimbabwe,ZWE,2008,599.807904052959,1986.90882459937
Zimbabwe,ZWE,2009,558.024589908231,2232.8525728967
Zimbabwe,ZWE,2010,576.795740935457,2661.36483256213
Zimbabwe,ZWE,2011,603.511887529216,3047.31708873749
Zimbabwe,ZWE,2012,577.801801389749,3472.48572001016
Zimbabwe,ZWE,2013,599.266095268324,3783.94633704647
Zimbabwe,ZWE,2014,582.726177328242,3903.42797706084
Zimbabwe,ZWE,2015,552.537871866634,4045.89864738798
Zimbabwe,ZWE,2016,511.77051640193,4275.4493505094
Zimbabwe,ZWE,2017,542.717959083427,10756.4454416985
Zimbabwe,ZWE,2018,641.659569633798,3992.890718675
Zimbabwe,ZWE,2019,520.778492142944,4165.55567835558
Zimbabwe,ZWE,2020,464.806598720877,4178.58557943828
Zimbabwe,ZWE,2021,540.095371271256,4827.0886936086
Zimbabwe,ZWE,2022,538.799541180266,5395.8562980064
