country,iso,year,electricity_consumption,gdp_per_capita,population
Algeria,DZA,2000,686.353657773796,9186.81590342899,30903893
Algeria,DZA,2001,711.813944308139,9543.52035384959,31331221
Algeria,DZA,2002,733.209063635649,10080.182500398,31750835
Algeria,DZA,2003,788.573580320475,10802.7506703127,32175818
Algeria,DZA,2004,805.681303639425,11431.6856715426,32628286
Algeria,DZA,2005,891.714578002056,12246.2692243613,33109249
Algeria,DZA,2006,862.878487448632,12791.3412605973,33623506
Algeria,DZA,2007,893.69762852925,13320.964120903,34189416
Algeria,DZA,2008,944.941748362242,13666.2181960534,34816961
Algeria,DZA,2009,862.485663394753,13651.4472995041,35490445
Algeria,DZA,2010,1010.71519484951,14201.3659906969,36188236
Algeria,DZA,2011,1115.96836018472,14639.8779436268,36903376
Algeria,DZA,2012,1229.34165460568,14441.3293398806,37646166
Algeria,DZA,2013,1269.79181719163,14370.820661674,38414171
Algeria,DZA,2014,1353.09164785509,14694.143827383,39205031
Algeria,DZA,2015,1438.57265286655,13807.3515841478,40019529
Algeria,DZA,2016,1470.35348531547,13437.8460232169,40850721
Algeria,DZA,2017,1554.49963310729,13493.560749484,41689299
Algeria,DZA,2018,1568.47300560981,13727.1266357859,42505035
Algeria,DZA,2019,1651.17795668766,13892.5333446205,43294546
Algeria,DZA,2020,1591.97709300405,12676.5130564294,44042091
Algeria,DZA,2021,1681.48239613152,14496.8654697299,44761099
Algeria,DZA,2022,1756.58721304339,15836.0944370321,45477389
Angola,AGO,2000,76.1969732512193,3326.77991382792,16194869
Angola,AGO,2001,83.596023886489,3427.85394963395,16747208
Angola,AGO,2002,86.9705781477391,3824.28480437228,17327699
Angola,AGO,2003,96.8027128389042,3878.50795458421,17943712
Angola,AGO,2004,88.8689466900833,4262.90601258776,18600423
Angola,AGO,2005,102.378493445781,4876.28768394823,19291161
Angola,AGO,2006,129.55102949102,5404.38383016978,20015279
Angola,AGO,2007,135.187417453981,6095.9992668935,20778561
Angola,AGO,2008,168.453501851714,6651.37774116168,21578655
Angola,AGO,2009,197.325219398831,6498.1692820981,22414773
Angola,AGO,2010,206.998764747106,6607.0221970301,23294825
Angola,AGO,2011,206.950497705211,6711.39025723883,24218352
Angola,AGO,2012,271.711996881012,7354.94296631261,25177394
Angola,AGO,2013,276.087476620084,7561.03920495179,26165620
Angola,AGO,2014,310.374128214116,7990.27445672775,27160769
Angola,AGO,2015,306.167406982606,7119.72644274401,28157798
Angola,AGO,2016,331.664900231538,6843.73589660504,29183070
Angola,AGO,2017,315.199297075801,6992.7288342812,30234839
Angola,AGO,2018,370.736573340292,7347.79993635052,31297155
Angola,AGO,2019,410.864566288621,7528.38241791217,32375632
Angola,AGO,2020,437.653350565236,6450.74994625154,33451132
Angola,AGO,2021,392.355834569297,7408.12659121059,34532429
Angola,AGO,2022,392.507046928459,7924.88880583901,35635029
Benin,BEN,2000,55.2507685603464,1671.35725172854,7221619
Benin,BEN,2001,58.4237984440735,1745.98256227696,7445596
Benin,BEN,2002,64.8823921955602,1799.88269639499,7675426
Benin,BEN,2003,61.4173765681335,1841.60297283874,7913070
Benin,BEN,2004,66.7966320770419,1915.34644346381,8159094
Benin,BEN,2005,69.9014875606209,1945.56414052296,8426144
Benin,BEN,2006,70.9746720498521,2020.60567734722,8693242
Benin,BEN,2007,75.2738813368686,2135.53787873721,8953969
Benin,BEN,2008,81.3786386599896,2215.35163859542,9228466
Benin,BEN,2009,82.6548571874445,2213.32895620809,9509423
Benin,BEN,2010,86.042498257716,2220.32854611489,9797484
Benin,BEN,2011,87.4809768504332,2264.84186926384,10093623
Benin,BEN,2012,85.5000314013051,2346.08416204547,10397657
Benin,BEN,2013,91.5132310389721,2511.65309588333,10708834
Benin,BEN,2014,104.261068264345,2670.41561399187,11030004
Benin,BEN,2015,96.9132044108975,2725.33724817144,11360681
Benin,BEN,2016,92.068263531,2842.0246258376,11697842
Benin,BEN,2017,95.1014055074096,2885.89383987721,12039780
Benin,BEN,2018,96.9043345066564,2965.30628143664,12383347
Benin,BEN,2019,98.6897288428983,3148.97969597838,12726755
Benin,BEN,2020,98.4685048831427,3244.58772756805,13070169
Benin,BEN,2021,113.244820465956,3464.2886286745,13413417
Benin,BEN,2022,105.309051541913,3844.15415745816,13759501
Botswana,BWA,2000,1132.1213653181,9187.36377613829,1677382
Botswana,BWA,2001,1198.42032782519,9225.97054261296,1712254
Botswana,BWA,2002,1245.44135793801,9752.8483079677,1744763
Botswana,BWA,2003,1330.71582712746,10223.9682803527,1775736
Botswana,BWA,2004,1445.92633910044,10595.5622823475,1807146
Botswana,BWA,2005,1432.1609542377,11222.4605659522,1839877
Botswana,BWA,2006,1463.31106269565,12304.4671778105,1874516
Botswana,BWA,2007,1506.38263583998,13113.2488470251,1911201
Botswana,BWA,2008,1515.40792935276,13526.1911798874,1949970
Botswana,BWA,2009,1501.50225576978,11445.7276374329,1990673
Botswana,BWA,2010,1566.07288042807,12490.8923158262,2033111
Botswana,BWA,2011,1535.05969274693,13354.8617837747,2073535
Botswana,BWA,2012,1531.80971224267,12474.5131685518,2108617
Botswana,BWA,2013,1589.68029814797,13340.8782619865,2140682
Botswana,BWA,2014,1723.72198721573,15003.3197518349,2172044
Botswana,BWA,2015,1773.72481757821,14143.6940733728,2203273
Botswana,BWA,2016,1700.39413346125,16228.1231235664,2234776
Botswana,BWA,2017,1616.85446148159,15700.6650479641,2266747
Botswana,BWA,2018,1586.24460178823,15785.819633781,2299141
Botswana,BWA,2019,1550.54515641167,15960.0156143903,2332083
Botswana,BWA,2020,1504.29393709101,15292.2624704777,2365894
Botswana,BWA,2021,1455.7925845357,17960.6254431256,2401441
Botswana,BWA,2022,1522.19852354121,19976.8343776476,2439892
Burkina Faso,BFA,2000,28.5940786275111,896.477481510815,11925546
Burkina Faso,BFA,2001,30.0121976403255,947.919374676953,12295001
Burkina Faso,BFA,2002,33.0418266152623,973.983933383218,12680897
Burkina Faso,BFA,2003,34.0148222071996,1037.83799374653,13082532
Burkina Faso,BFA,2004,36.5911479198636,1079.00009142751,13500533
Burkina Faso,BFA,2005,40.194879129333,1171.76432319587,13932123
Burkina Faso,BFA,2006,41.8820280669419,1244.00243844319,14373707
Burkina Faso,BFA,2007,42.723196812809,1290.49951017424,14816307
Burkina Faso,BFA,2008,43.3212721930585,1351.36041569133,15258093
Burkina Faso,BFA,2009,47.294518049765,1359.69224907302,15710066
Burkina Faso,BFA,2010,68.4326113105568,1449.42216382921,16176498
Burkina Faso,BFA,2011,75.6215914767985,1531.34338243982,16661908
Burkina Faso,BFA,2012,86.2436086701789,1571.83884477315,17172287
Burkina Faso,BFA,2013,92.0577761158276,1642.89213125776,17695409
Burkina Faso,BFA,2014,97.8635627240981,1661.31773793757,18229461
Burkina Faso,BFA,2015,112.794646056738,1691.57935387408,18777487
Burkina Faso,BFA,2016,108.612135513189,1881.75893134407,19334856
Burkina Faso,BFA,2017,111.890743966382,2042.40295259917,19894407
Burkina Faso,BFA,2018,117.475592867661,2073.3235382155,20438288
Burkina Faso,BFA,2019,122.555380338625,2232.16282016585,20961952
Burkina Faso,BFA,2020,130.36176787318,2380.72282781802,21478690
Burkina Faso,BFA,2021,129.709864992171,2486.43093147762,21995243
Burkina Faso,BFA,2022,131.191746177691,2641.87011276968,22509038
Burundi,BDI,2000,,519.115060396355,6470194
Burundi,BDI,2001,,528.311161556767,6634365
Burundi,BDI,2002,,544.794496504169,6824132
Burundi,BDI,2003,,531.68740526714,7043154
Burundi,BDI,2004,,551.432352583733,7310656
Burundi,BDI,2005,,552.917767300071,7587299
Burundi,BDI,2006,,579.571321325558,7865547
Burundi,BDI,2007,,593.463755948817,8161874
Burundi,BDI,2008,,608.67043831072,8505637
Burundi,BDI,2009,,604.367850922486,8947646
Burundi,BDI,2010,,613.649848956193,9376444
Burundi,BDI,2011,,628.667677982637,9717978
Burundi,BDI,2012,,638.873181633008,10071028
Burundi,BDI,2013,,687.365920077706,10439341
Burundi,BDI,2014,,724.360357491385,10799785
Burundi,BDI,2015,,797.426234406883,11047580
Burundi,BDI,2016,,771.987433717541,11239451
Burundi,BDI,2017,,761.26925722129,11506762
Burundi,BDI,2018,,753.455516066195,11859446
Burundi,BDI,2019,,779.197990653363,12255336
Burundi,BDI,2020,,786.515830674648,12617036
Burundi,BDI,2021,,836.665571337829,12965481
Burundi,BDI,2022,,888.518158386925,13321097
Cabo Verde,CPV,2000,,3124.49488355024,453317
Cabo Verde,CPV,2001,,3216.64651196602,460293
Cabo Verde,CPV,2002,,3388.44814452274,467046
Cabo Verde,CPV,2003,,3551.4638434881,473383
Cabo Verde,CPV,2004,,3968.65691704088,479370
Cabo Verde,CPV,2005,,4324.20232454639,485115
Cabo Verde,CPV,2006,,4758.37704995678,490728
Cabo Verde,CPV,2007,,5566.76949101583,496190
Cabo Verde,CPV,2008,,6010.85136847472,501355
Cabo Verde,CPV,2009,,5900.66086529142,506141
Cabo Verde,CPV,2010,,6038.58525655665,509784
Cabo Verde,CPV,2011,,6384.22844090415,511447
Cabo Verde,CPV,2012,,6318.06108723364,511955
Cabo Verde,CPV,2013,,6367.28001322501,512225
Cabo Verde,CPV,2014,,6416.83301150977,512326
Cabo Verde,CPV,2015,,6773.48679969386,512394
Cabo Verde,CPV,2016,,7350.75358726727,512554
Cabo Verde,CPV,2017,,7935.76176281072,512893
Cabo Verde,CPV,2018,,7916.42115326174,513415
Cabo Verde,CPV,2019,,8645.75646859343,514104
Cabo Verde,CPV,2020,,6852.57669930355,514679
Cabo Verde,CPV,2021,,7685.41921393669,516649
Cabo Verde,CPV,2022,,9481.07335405605,519741
Cameroon,CMR,2000,182.328658169038,2108.49454959751,14912631
Cameroon,CMR,2001,171.854189786858,2190.89640724166,15309490
Cameroon,CMR,2002,161.26644523478,2263.05519674356,15725528
Cameroon,CMR,2003,173.758720422961,2368.10119477369,16160340
Cameroon,CMR,2004,199.873730372866,2532.64744424214,16610487
Cameroon,CMR,2005,193.621002057208,2597.68039893219,17074594
Cameroon,CMR,2006,255.093799249214,2704.43739800377,17550407
Cameroon,CMR,2007,263.325616945383,2817.7222811838,18049896
Cameroon,CMR,2008,276.891595459818,2870.44106866605,18574056
Cameroon,CMR,2009,274.354249932536,2878.95143886138,19113974
Cameroon,CMR,2010,270.489228579973,2913.94292755606,19668066
Cameroon,CMR,2011,238.875414287962,2988.8172872551,20232304
Cameroon,CMR,2012,240.755088690378,3059.64226568251,20809529
Cameroon,CMR,2013,245.019524934989,3238.86829843733,21402376
Cameroon,CMR,2014,250.409192827907,3422.26128158344,22059893
Cameroon,CMR,2015,278.517097655035,3497.66067563959,22763414
Cameroon,CMR,2016,251.426601872478,3626.99932028578,23454161
Cameroon,CMR,2017,263.504709618266,3767.43072883824,24128601
Cameroon,CMR,2018,275.453297645207,4010.76360069526,24806383
Cameroon,CMR,2019,261.623741305755,4241.11174920592,25506095
Cameroon,CMR,2020,259.742657901446,4365.44704128392,26210558
Cameroon,CMR,2021,277.383977073951,4793.55628200196,26915758
Cameroon,CMR,2022,283.68490442019,5188.97750866081,27632771
Central African Republic,CAF,2000,,639.836997022267,3833416
Central African Republic,CAF,2001,,668.445939283473,3919487
Central African Republic,CAF,2002,,688.18045108872,4006077
Central African Republic,CAF,2003,,648.193215397331,4103086
Central African Republic,CAF,2004,,690.426514027755,4192826
Central African Republic,CAF,2005,,702.460624591232,4288810
Central African Republic,CAF,2006,,743.287480208983,4377579
Central African Republic,CAF,2007,,783.355445280928,4462770
Central African Republic,CAF,2008,,797.652806166077,4558984
Central African Republic,CAF,2009,,877.252131104878,4529047
Central African Republic,CAF,2010,,936.485497371468,4492995
Central African Republic,CAF,2011,,980.185520951852,4565021
Central African Republic,CAF,2012,,1062.06809941049,4610848
Central African Republic,CAF,2013,,709.853481245446,4642419
Central African Republic,CAF,2014,,698.963738923072,4623182
Central African Republic,CAF,2015,,768.870887999174,4629320
Central African Republic,CAF,2016,,826.013301383169,4713663
Central African Republic,CAF,2017,,883.810734876066,4793511
Central African Republic,CAF,2018,,905.817788941094,4878657
Central African Republic,CAF,2019,,984.843183678857,4944703
Central African Republic,CAF,2020,,1066.29005423151,5026628
Central African Republic,CAF,2021,,1128.55237996459,5112100
Central African Republic,CAF,2022,,1217.84977147289,5098039
Chad,TCD,2000,7.04879516706408,1039.06955283557,8512093
Chad,TCD,2001,6.58782179805737,1146.97959315935,8804124
Chad,TCD,2002,6.36230566447043,1220.44985923196,9116192
Chad,TCD,2003,6.21849056575933,1371.83733369973,9487833
Chad,TCD,2004,6.14917123284633,1800.4564602371,9920036
Chad,TCD,2005,6.48716142342651,2092.6770426581,10328092
Chad,TCD,2006,6.53813075215403,2070.12978802095,10706424
Chad,TCD,2007,5.95578640745159,2143.70535346626,11081660
Chad,TCD,2008,5.66384833573481,2175.45480934163,11476296
Chad,TCD,2009,5.4650533380798,2083.77611718024,11893754
Chad,TCD,2010,5.44159121873369,2318.39844293894,12312575
Chad,TCD,2011,10.6624878077196,2388.16512149441,12754997
Chad,TCD,2012,11.8840378296931,2435.1240819184,13210998
Chad,TCD,2013,13.1472471965139,2110.24705136988,13691079
Chad,TCD,2014,13.5319160812586,2133.18441198787,14188678
Chad,TCD,2015,13.2444715766472,2377.51137185751,14647621
Chad,TCD,2016,13.0337080138448,2120.08751553857,15114655
Chad,TCD,2017,13.313909534161,2097.14425483604,15622759
Chad,TCD,2018,14.0500457678694,2227.81335372611,16156531
Chad,TCD,2019,14.3240518871099,2351.6533976774,16685223
Chad,TCD,2020,13.9334962352564,2185.99034173537,17224679
Chad,TCD,2021,16.5467513314386,2435.072746511,17828273
Chad,TCD,2022,14.467376229158,2845.04838304237,18455316
Comoros,COM,2000,,1719.0179082758,536080
Comoros,COM,2001,,1762.1133864574,547220
Comoros,COM,2002,,1792.76085683106,558923
Comoros,COM,2003,,1830.99192007596,569798
Comoros,COM,2004,,1880.33310091291,580704
Comoros,COM,2005,,1954.0300331157,592677
Comoros,COM,2006,,2026.31950093045,604753
Comoros,COM,2007,,2056.47051048801,616927
Comoros,COM,2008,,2136.32459252434,629307
Comoros,COM,2009,,2243.86822376717,641947
Comoros,COM,2010,,2333.32778329942,654836
Comoros,COM,2011,,2471.79015172257,668056
Comoros,COM,2012,,2678.70108782094,681630
Comoros,COM,2013,,2832.52867837396,696192
Comoros,COM,2014,,2937.61183759802,711503
Comoros,COM,2015,,2949.47342240993,726682
Comoros,COM,2016,,3139.05160740463,741741
Comoros,COM,2017,,3347.45652997484,756669
Comoros,COM,2018,,3304.54845189026,771590
Comoros,COM,2019,,3312.74957050543,786578
Comoros,COM,2020,,3261.59496762747,802163
Comoros,COM,2021,,3449.04357453181,818174
Comoros,COM,2022,,3726.14917950744,834188
"Congo, Dem. Rep.",COD,2000,90.0659352338612,416.549337550587,50507442
"Congo, Dem. Rep.",COD,2001,88.7543670812335,403.98428591939,52132646
"Congo, Dem. Rep.",COD,2002,83.255002314024,409.642938250634,53750524
"Congo, Dem. Rep.",COD,2003,83.8213925311724,428.333625563474,55343867
"Congo, Dem. Rep.",COD,2004,82.1085172480783,455.867786496371,56997741
"Congo, Dem. Rep.",COD,2005,83.3847661323576,483.911329537472,58775724
"Congo, Dem. Rep.",COD,2006,94.9915655804414,509.427782965278,60615908
"Congo, Dem. Rep.",COD,2007,98.4670511192528,539.412638517763,62477752
"Congo, Dem. Rep.",COD,2008,94.9516532396684,566.685382126154,64390664
"Congo, Dem. Rep.",COD,2009,100.418532517987,568.609567790794,66412044
"Congo, Dem. Rep.",COD,2010,98.5516423586714,597.088740789196,68563038
"Congo, Dem. Rep.",COD,2011,101.779394862429,630.284880597714,70849311
"Congo, Dem. Rep.",COD,2012,105.931888143898,632.202076130903,73254618
"Congo, Dem. Rep.",COD,2013,111.493171307147,712.439006688802,75789395
"Congo, Dem. Rep.",COD,2014,117.393104739215,804.596634628245,78403242
"Congo, Dem. Rep.",COD,2015,111.691746673444,859.143482737815,81035531
"Congo, Dem. Rep.",COD,2016,106.817328967655,913.955559409226,83956415
"Congo, Dem. Rep.",COD,2017,110.239152587959,1003.25735502912,87083398
"Congo, Dem. Rep.",COD,2018,120.691664070634,1069.28163391342,90047644
"Congo, Dem. Rep.",COD,2019,125.780761131651,1167.32061572833,92947442
"Congo, Dem. Rep.",COD,2020,130.534433389612,1136.00839556367,95989998
"Congo, Dem. Rep.",COD,2021,133.667602188594,1313.61821829086,99148932
"Congo, Dem. Rep.",COD,2022,130.667931495784,1484.2411691036,102396968
"Congo, Rep.",COG,2000,95.8320970887034,3667.42487266336,3151345
"Congo, Rep.",COG,2001,104.506075867133,3748.44674931557,3272537
"Congo, Rep.",COG,2002,114.003612899837,3888.16402343345,3350771
"Congo, Rep.",COG,2003,113.473020265817,3886.99206795632,3445753
"Congo, Rep.",COG,2004,122.84206044839,3991.51124729764,3565554
"Congo, Rep.",COG,2005,114.976951855498,4278.92538741319,3696393
"Congo, Rep.",COG,2006,122.739066906863,4588.10924898465,3837409
"Congo, Rep.",COG,2007,122.097361340358,4242.61126846002,3980430
"Congo, Rep.",COG,2008,132.003830298987,4448.33261714253,4113517
"Congo, Rep.",COG,2009,140.147000188498,4800.90159806602,4281219
"Congo, Rep.",COG,2010,134.236008865403,5125.06991343643,4462290
"Congo, Rep.",COG,2011,140.78934009932,5175.20439089036,4609724
"Congo, Rep.",COG,2012,204.200023204548,6058.06449417412,4740450
"Congo, Rep.",COG,2013,198.060611900231,5833.86336651436,4857099
"Congo, Rep.",COG,2014,199.160751465067,5733.18393561256,4975880
"Congo, Rep.",COG,2015,297.395960946967,4715.13431581624,5097581
"Congo, Rep.",COG,2016,304.44979220823,4016.04908525318,5222536
"Congo, Rep.",COG,2017,306.484139165477,4444.63900215824,5351011
"Congo, Rep.",COG,2018,312.595862427181,5593.19370578686,5483118
"Congo, Rep.",COG,2019,358.041904255927,5719.59977338291,5616661
"Congo, Rep.",COG,2020,369.559749346013,4770.96449758365,5752791
"Congo, Rep.",COG,2021,383.049881512506,6263.21161292636,5892183
"Congo, Rep.",COG,2022,458.981319957369,6647.4968173139,6035104
Cote d'Ivoire,CIV,2000,161.76051488547,3040.57593185363,17699004
Cote d'Ivoire,CIV,2001,168.931992798469,2961.76287274216,18178913
Cote d'Ivoire,CIV,2002,163.175415018496,2851.03041356835,18654771
Cote d'Ivoire,CIV,2003,160.466040648678,2701.74168487851,19125542
Cote d'Ivoire,CIV,2004,159.020158203623,2794.17325719366,19595000
Cote d'Ivoire,CIV,2005,157.012561702548,2841.82308798173,20068458
Cote d'Ivoire,CIV,2006,165.865228077829,2941.82141168912,20546802
Cote d'Ivoire,CIV,2007,170.561332704534,2984.53472161562,21030558
Cote d'Ivoire,CIV,2008,178.298862452328,3115.83789187745,21514439
Cote d'Ivoire,CIV,2009,182.835301850991,3176.63242420617,21997940
Cote d'Ivoire,CIV,2010,196.326362450482,3360.54408826055,22488065
Cote d'Ivoire,CIV,2011,180.184492211296,3175.9192237076,22982000
Cote d'Ivoire,CIV,2012,215.578607613611,3290.72306949457,23467078
Cote d'Ivoire,CIV,2013,215.12315800796,3619.01790854865,23939775
Cote d'Ivoire,CIV,2014,253.675533011149,4074.21445539789,24527395
Cote d'Ivoire,CIV,2015,242.371746370227,4403.64296618998,25246342
Cote d'Ivoire,CIV,2016,239.674590472541,4530.64849808487,25989405
Cote d'Ivoire,CIV,2017,272.618059554926,4690.17801861096,26733372
Cote d'Ivoire,CIV,2018,259.756592707161,4945.62520575915,27464173
Cote d'Ivoire,CIV,2019,278.827988881925,5516.39055126829,28193009
Cote d'Ivoire,CIV,2020,290.017976203655,5543.85096318939,28915449
Cote d'Ivoire,CIV,2021,308.099910201629,6045.20480490879,29639736
Cote d'Ivoire,CIV,2022,323.704535370651,6719.44381557637,30395002
Djibouti,DJI,2000,,,747318
Djibouti,DJI,2001,,,771313
Djibouti,DJI,2002,,,795574
Djibouti,DJI,2003,,,813519
Djibouti,DJI,2004,,,826124
Djibouti,DJI,2005,,,839167
Djibouti,DJI,2006,,,855764
Djibouti,DJI,2007,,,874528
Djibouti,DJI,2008,,,892734
Djibouti,DJI,2009,,,911527
Djibouti,DJI,2010,,,930251
Djibouti,DJI,2011,,,948558
Djibouti,DJI,2012,,,966747
Djibouti,DJI,2013,,3762.2819610399,984824
Djibouti,DJI,2014,,3978.34667092554,1002717
Djibouti,DJI,2015,,4263.96288890455,1020313
Djibouti,DJI,2016,,4431.56588556176,1037653
Djibouti,DJI,2017,,4676.71336058903,1054841
Djibouti,DJI,2018,,5083.11077030183,1071882
Djibouti,DJI,2019,,5398.00036773984,1088709
Djibouti,DJI,2020,,5527.00185229888,1105188
Djibouti,DJI,2021,,5960.10807396825,1121248
Djibouti,DJI,2022,,6621.33038220409,1137096
"Egypt, Arab Rep.",EGY,2000,920.128329208633,5451.51566992118,73083284
"Egypt, Arab Rep.",EGY,2001,966.76541772227,5650.05196237607,74652029
"Egypt, Arab Rep.",EGY,2002,1011.67199728402,5752.69708070468,76239137
"Egypt, Arab Rep.",EGY,2003,1072.59080857818,5928.07945344715,77853548
"Egypt, Arab Rep.",EGY,2004,1110.81832363429,6207.12492160943,79477443
"Egypt, Arab Rep.",EGY,2005,1175.17657364636,6554.12885095179,81101004
"Egypt, Arab Rep.",EGY,2006,1239.35308997225,7079.02808456919,82700403
"Egypt, Arab Rep.",EGY,2007,1322.40142460107,7640.57228597204,84276225
"Egypt, Arab Rep.",EGY,2008,1360.32477759888,8190.70913161,85864789
"Egypt, Arab Rep.",EGY,2009,1422.61340119401,8465.02052412662,87501636
"Egypt, Arab Rep.",EGY,2010,1611.5507866759,8837.76450033703,89196072
"Egypt, Arab Rep.",EGY,2011,1558.76859948243,8988.10781880653,91093059
"Egypt, Arab Rep.",EGY,2012,1562.35976897672,10342.4317112754,93161001
"Egypt, Arab Rep.",EGY,2013,1504.84268639395,10511.3931678495,95333553
"Egypt, Arab Rep.",EGY,2014,1576.47002900296,10256.4367553616,97528654
"Egypt, Arab Rep.",EGY,2015,1566.91932601976,10903.3368231185,99597342
"Egypt, Arab Rep.",EGY,2016,1478.93755564303,10665.6676499685,101644589
"Egypt, Arab Rep.",EGY,2017,1564.91967674335,11124.7351098149,103696057
"Egypt, Arab Rep.",EGY,2018,1557.63378420568,12329.2446781436,105682094
"Egypt, Arab Rep.",EGY,2019,1509.96960963248,13363.732696323,107553158
"Egypt, Arab Rep.",EGY,2020,1431.42132830586,15231.865417764,109315124
"Egypt, Arab Rep.",EGY,2021,1459.17777451245,15579.0160861551,110957008
"Egypt, Arab Rep.",EGY,2022,1477.94873388638,17526.8017030166,112618250
Equatorial Guinea,GNQ,2000,89.5803799061254,7420.39310111594,703279
Equatorial Guinea,GNQ,2001,165.369494129383,11626.7231171673,749836
Equatorial Guinea,GNQ,2002,155.396844692133,13254.823622224,797957
Equatorial Guinea,GNQ,2003,154.506275785446,14496.1744119688,847862
Equatorial Guinea,GNQ,2004,178.905387941332,19354.2120821557,899917
Equatorial Guinea,GNQ,2005,177.333599333732,22137.0497795007,947367
Equatorial Guinea,GNQ,2006,179.735707729544,23511.39865709,990343
Equatorial Guinea,GNQ,2007,189.181154468343,26610.7691219619,1036044
Equatorial Guinea,GNQ,2008,177.957271813597,30522.7787142774,1084530
Equatorial Guinea,GNQ,2009,198.120409660175,29722.0005631066,1135673
Equatorial Guinea,GNQ,2010,214.450606979316,26167.8268525276,1189085
Equatorial Guinea,GNQ,2011,285.867285106314,27241.6000370603,1241835
Equatorial Guinea,GNQ,2012,509.477124940954,30011.9274409625,1293483
Equatorial Guinea,GNQ,2013,556.373484829352,27909.5175876754,1346218
Equatorial Guinea,GNQ,2014,732.232817174681,27177.271665026,1399828
Equatorial Guinea,GNQ,2015,793.026865934441,19478.7010123338,1453923
Equatorial Guinea,GNQ,2016,822.179757669147,16649.4757672359,1508186
Equatorial Guinea,GNQ,2017,757.170397261642,18434.7708571004,1562396
Equatorial Guinea,GNQ,2018,752.27879848208,18413.1294204577,1616422
Equatorial Guinea,GNQ,2019,751.417364746371,16451.3641478324,1670177
Equatorial Guinea,GNQ,2020,732.317759492166,13677.110587517,1716468
Equatorial Guinea,GNQ,2021,731.754744465785,16821.4486470413,1758786
Equatorial Guinea,GNQ,2022,744.644574989812,18139.989326627,1803545
Eritrea,ERI,2000,80.1057039266481,1557.87580231581,2247031
Eritrea,ERI,2001,87.7997680875091,1683.68441866109,2312079
Eritrea,ERI,2002,94.0251017769491,1701.69523684878,2392978
Eritrea,ERI,2003,97.0366529893103,1620.85093040039,2493903
Eritrea,ERI,2004,93.9081332140751,1620.76402912482,2598284
Eritrea,ERI,2005,94.3178209952973,1674.07005453978,2661215
Eritrea,ERI,2006,89.1436366608939,1682.23894199347,2703502
Eritrea,ERI,2007,92.5918500216169,1727.09344172581,2743222
Eritrea,ERI,2008,90.188390765703,1546.92747535768,2816327
Eritrea,ERI,2009,94.1865759890023,1576.74284599077,2887885
Eritrea,ERI,2010,96.4285447506541,1599.19106106457,2945186
Eritrea,ERI,2011,94.3809957361801,1742.32363018235,2998485
Eritrea,ERI,2012,94.1722522446582,,3036988
Eritrea,ERI,2013,82.2935505275895,,3074360
Eritrea,ERI,2014,81.0940131617845,,3095173
Eritrea,ERI,2015,77.6031010327975,,3105546
Eritrea,ERI,2016,77.1274535971156,,3124698
Eritrea,ERI,2017,92.3707769334616,,3150347
Eritrea,ERI,2018,96.1550508024405,,3192760
Eritrea,ERI,2019,97.5250247361732,,3240194
Eritrea,ERI,2020,98.746046739998,,3291271
Eritrea,ERI,2021,99.6960464547758,,3350183
Eritrea,ERI,2022,102.36264121425,,3409447
Eswatini,SWZ,2000,656.79931324142,4422.62770357704,1041414
Eswatini,SWZ,2001,668.846045531005,4527.95313953591,1051064
Eswatini,SWZ,2002,799.478215398498,4761.77668321386,1059441
Eswatini,SWZ,2003,807.162276178869,5009.87782681402,1066700
Eswatini,SWZ,2004,721.235157138877,5298.94785392543,1073159
Eswatini,SWZ,2005,868.378957982321,5761.45610732418,1079022
Eswatini,SWZ,2006,952.568892954494,6263.58501274895,1084436
Eswatini,SWZ,2007,981.93370343035,6680.00557786244,1090705
Eswatini,SWZ,2008,991.721086868028,6818.48144007441,1098091
Eswatini,SWZ,2009,1393.4722160642,6923.38188231267,1105153
Eswatini,SWZ,2010,1339.45036657221,7230.86004359533,1111650
Eswatini,SWZ,2011,1082.45149320158,7504.14896572489,1117833
Eswatini,SWZ,2012,1025.92575785483,7756.33825656685,1123863
Eswatini,SWZ,2013,1114.1691519394,8233.6040681314,1129990
Eswatini,SWZ,2014,1129.10422344823,8367.59716082908,1136299
Eswatini,SWZ,2015,1125.29346446006,8393.35393669388,1142813
Eswatini,SWZ,2016,1060.45461228161,8488.39432616799,1149507
Eswatini,SWZ,2017,1147.47516609897,8586.29809952743,1158195
Eswatini,SWZ,2018,1066.78848758137,8536.99394749905,1168929
Eswatini,SWZ,2019,1133.17184716334,9248.27636899416,1179874
Eswatini,SWZ,2020,1092.45268623468,9297.5881020884,1192729
Eswatini,SWZ,2021,1082.38652138708,9946.04055370333,1206593
Eswatini,SWZ,2022,1137.07496080537,10665.4994162858,1218917
Ethiopia,ETH,2000,22.3552381141412,473.903313508447,67411494
Ethiopia,ETH,2001,26.0621431439971,509.119301847982,69487762
Ethiopia,ETH,2002,25.6855827535941,509.126314094017,71635517
Ethiopia,ETH,2003,27.9821953597962,492.840755448409,73832663
Ethiopia,ETH,2004,30.0352775836694,557.825634822556,76077206
Ethiopia,ETH,2005,32.6666153698722,624.51069241698,78367470
Ethiopia,ETH,2006,36.4544333832403,692.86690763423,80703490
Ethiopia,ETH,2007,38.4100654009579,770.261155174169,83103217
Ethiopia,ETH,2008,38.4949590891987,844.988379963632,85543668
Ethiopia,ETH,2009,37.3490318499181,899.140901727952,88007636
Ethiopia,ETH,2010,42.6558801263294,995.65397860146,90538514
Ethiopia,ETH,2011,47.8261023594533,1098.11515728787,93149970
Ethiopia,ETH,2012,55.2407944874698,1178.97474553026,95798767
Ethiopia,ETH,2013,65.1369499801963,1252.86896408004,98438751
Ethiopia,ETH,2014,65.4795041042624,1484.63145566608,101115610
Ethiopia,ETH,2015,73.8443396941679,1632.61818006837,103867135
Ethiopia,ETH,2016,81.1483241249976,1857.54946515224,106718162
Ethiopia,ETH,2017,80.8177660045461,2004.74755633129,109666481
Ethiopia,ETH,2018,91.919211356599,2095.3175782979,112664152
Ethiopia,ETH,2019,92.3124380650632,2242.44488310464,115737383
Ethiopia,ETH,2020,93.3839345037291,2406.78938478669,118917671
Ethiopia,ETH,2021,83.8801247645011,2588.41310215884,122138588
Ethiopia,ETH,2022,92.4358249132126,2844.92274535753,125384287
Gabon,GAB,2000,847.46294211538,13326.1169521318,1275572
Gabon,GAB,2001,862.866135864,13555.6285395224,1309589
Gabon,GAB,2002,883.926148676527,13369.1233374468,1345135
Gabon,GAB,2003,891.23593879987,13564.1804141405,1382350
Gabon,GAB,2004,869.437376944012,13637.6667971195,1421609
Gabon,GAB,2005,868.468973245553,14028.356207939,1463495
Gabon,GAB,2006,891.047557674445,13637.2590188998,1508337
Gabon,GAB,2007,912.45742133107,14391.2465868132,1556237
Gabon,GAB,2008,921.492681257486,13733.7012862122,1607175
Gabon,GAB,2009,881.703656091038,13383.5662273185,1661556
Gabon,GAB,2010,896.574700894656,14014.6905491122,1719879
Gabon,GAB,2011,908.537389484199,14784.3483551883,1781985
Gabon,GAB,2012,930.75436585523,14619.7181445113,1846889
Gabon,GAB,2013,924.697042798994,14497.9921216902,1913059
Gabon,GAB,2014,933.077705761072,14853.6712460355,1978399
Gabon,GAB,2015,965.218332876855,14306.4340768252,2040989
Gabon,GAB,2016,1011.28121330892,13997.7352841911,2100306
Gabon,GAB,2017,1038.99114469841,14796.6286374171,2156900
Gabon,GAB,2018,1017.0328135467,15432.0430535353,2212318
Gabon,GAB,2019,1014.68179737585,15949.6373739622,2267706
Gabon,GAB,2020,1022.15721673565,14477.1308291818,2322539
Gabon,GAB,2021,1011.47715214484,18523.5798032135,2376722
Gabon,GAB,2022,1065.10467769784,19992.5570643309,2430747
"Gambia, The",GMB,2000,,1731.3384764555,1455084
"Gambia, The",GMB,2001,,1822.9796510577,1495011
"Gambia, The",GMB,2002,,1743.69432511929,1535691
"Gambia, The",GMB,2003,,1849.78337005418,1577611
"Gambia, The",GMB,2004,,1978.63262689984,1621312
"Gambia, The",GMB,2005,,1938.02362742194,1667037
"Gambia, The",GMB,2006,,1930.81888537674,1715275
"Gambia, The",GMB,2007,,1985.040252425,1765774
"Gambia, The",GMB,2008,,2088.27166129033,1817852
"Gambia, The",GMB,2009,,2177.05344695607,1871422
"Gambia, The",GMB,2010,,2266.82898238442,1926630
"Gambia, The",GMB,2011,,2064.253852883,1983784
"Gambia, The",GMB,2012,,2064.81438121612,2043094
"Gambia, The",GMB,2013,,2006.74081646788,2103820
"Gambia, The",GMB,2014,,1933.70329718446,2164528
"Gambia, The",GMB,2015,,1990.31625750973,2224529
"Gambia, The",GMB,2016,,2012.67648180251,2283769
"Gambia, The",GMB,2017,,2038.95429850128,2342189
"Gambia, The",GMB,2018,,2277.44236224191,2399632
"Gambia, The",GMB,2019,,2421.72318070615,2456844
"Gambia, The",GMB,2020,,2530.80414937307,2515733
"Gambia, The",GMB,2021,,2777.79620978324,2576010
"Gambia, The",GMB,2022,,3067.31040447283,2636470
Ghana,GHA,2000,320.210426322397,2315.17803047482,19637087
Ghana,GHA,2001,325.282766672738,2397.30067037823,20167069
Ghana,GHA,2002,298.851080408163,2475.09635357919,20729388
Ghana,GHA,2003,212.333316351051,2584.47723729151,21296705
Ghana,GHA,2004,210.990356908434,2729.34450244911,21868298
Ghana,GHA,2005,235.907910033204,2903.83429043881,22449438
Ghana,GHA,2006,284.800350267106,3103.22625820374,23040702
Ghana,GHA,2007,234.579754346017,3241.22081107324,23642279
Ghana,GHA,2008,253.113965697078,3515.58923520243,24249946
Ghana,GHA,2009,254.920389866508,3617.23944435035,24862664
Ghana,GHA,2010,272.188473442291,3855.46891716757,25474995
Ghana,GHA,2011,305.804678642969,4381.12535523694,26095088
Ghana,GHA,2012,336.646584077036,4933.65254349093,26734268
Ghana,GHA,2013,351.96567847163,5214.56935848794,27386193
Ghana,GHA,2014,341.920672692192,5517.13178763566,28041592
Ghana,GHA,2015,306.209199113969,5191.37053389659,28696068
Ghana,GHA,2016,357.703181095504,5011.07931572904,29356742
Ghana,GHA,2017,408.852814786176,5170.96094857439,30008354
Ghana,GHA,2018,444.388811977184,5536.49795400218,30637585
Ghana,GHA,2019,469.785528590296,6002.55044678386,31258945
Ghana,GHA,2020,503.546668885278,6047.30111673554,31887809
Ghana,GHA,2021,542.211680584058,6607.50297378321,32518665
Ghana,GHA,2022,552.502821188307,7208.15798982723,33149152
Guinea,GIN,2000,,1195.80611453345,8428832
Guinea,GIN,2001,,1250.97059720231,8539960
Guinea,GIN,2002,,1315.36669371684,8674066
Guinea,GIN,2003,,1327.96776541054,8870781
Guinea,GIN,2004,,1366.03160239235,9062726
Guinea,GIN,2005,,1422.35088198922,9245844
Guinea,GIN,2006,,1452.96083164187,9441171
Guinea,GIN,2007,,1557.58584868863,9662281
Guinea,GIN,2008,,1613.69884518936,9898870
Guinea,GIN,2009,,1566.70089247765,10143534
Guinea,GIN,2010,,1621.69161141242,10396086
Guinea,GIN,2011,,1705.27110438049,10656810
Guinea,GIN,2012,,1789.97473033561,10921581
Guinea,GIN,2013,,1842.00227737409,11191873
Guinea,GIN,2014,,1873.21413058957,11472924
Guinea,GIN,2015,,1929.68091332187,11767070
Guinea,GIN,2016,,2255.32617992615,12073030
Guinea,GIN,2017,,2687.09504827171,12385659
Guinea,GIN,2018,,2844.46427670549,12704774
Guinea,GIN,2019,,3105.82789015443,13034346
Guinea,GIN,2020,,3331.85663003801,13371183
Guinea,GIN,2021,,3738.8051255133,13710513
Guinea,GIN,2022,,4062.36136437922,14055137
Guinea-Bissau,GNB,2000,,1013.97349183331,1234741
Guinea-Bissau,GNB,2001,,1063.57228308529,1261273
Guinea-Bissau,GNB,2002,,1095.22305833488,1289307
Guinea-Bissau,GNB,2003,,1088.74265675319,1318806
Guinea-Bissau,GNB,2004,,1105.34322841441,1349563
Guinea-Bissau,GNB,2005,,1186.62631354737,1381585
Guinea-Bissau,GNB,2006,,1225.91824576792,1415303
Guinea-Bissau,GNB,2007,,1259.6056068922,1450986
Guinea-Bissau,GNB,2008,,1308.53556699717,1488054
Guinea-Bissau,GNB,2009,,1314.97078661955,1526377
Guinea-Bissau,GNB,2010,,1369.68917066121,1566347
Guinea-Bissau,GNB,2011,,1471.76279879072,1608076
Guinea-Bissau,GNB,2012,,1401.84994044148,1651417
Guinea-Bissau,GNB,2013,,1415.82511935379,1695973
Guinea-Bissau,GNB,2014,,1455.90813665193,1741122
Guinea-Bissau,GNB,2015,,1729.94260310123,1786457
Guinea-Bissau,GNB,2016,,1824.3730977071,1831893
Guinea-Bissau,GNB,2017,,2081.81287227685,1877072
Guinea-Bissau,GNB,2018,,2057.96969129146,1922168
Guinea-Bissau,GNB,2019,,2236.81110351015,1967696
Guinea-Bissau,GNB,2020,,2310.37430731557,2013255
Guinea-Bissau,GNB,2021,,2483.85062934649,2058841
Guinea-Bissau,GNB,2022,,2747.25419559898,2105529
Kenya,KEN,2000,109.062820119121,1906.89794095999,30642890
Kenya,KEN,2001,118.061290033862,1961.05816869463,31619170
Kenya,KEN,2002,117.71445299341,1940.4030326056,32629808
Kenya,KEN,2003,125.816353944879,1974.8582021244,33652223
Kenya,KEN,2004,130.957866337419,2066.31540638632,34713455
Kenya,KEN,2005,131.018454214665,2188.6956101775,35796484
Kenya,KEN,2006,133.318852521385,2330.13028941165,36904008
Kenya,KEN,2007,140.602348558743,2481.08706146996,38036349
Kenya,KEN,2008,141.329143331906,2459.12174524213,39206351
Kenya,KEN,2009,140.835342400265,2480.0442906801,40408891
Kenya,KEN,2010,146.399273801908,2634.89271323826,41598567
Kenya,KEN,2011,152.928796946176,2750.28663787693,42758461
Kenya,KEN,2012,149.903266936523,2847.27068286846,43888303
Kenya,KEN,2013,159.402345457359,3106.39394464885,44986791
Kenya,KEN,2014,165.749431505291,3359.48950665093,46051440
Kenya,KEN,2015,172.165083273152,3678.32614146019,47088526
Kenya,KEN,2016,173.266602252732,3916.65315673095,48139687
Kenya,KEN,2017,175.597404158555,4177.24993580267,49197766
Kenya,KEN,2018,178.142110438668,4411.56104120886,50207107
Kenya,KEN,2019,175.810605144907,4687.37782325306,51202827
Kenya,KEN,2020,172.643819770653,4792.57315847182,52217334
Kenya,KEN,2021,184.426039295693,5338.85243382781,53219166
Kenya,KEN,2022,189.355465367737,5883.22303961921,54252461
Lesotho,LSO,2000,,1272.924433991,2003913
Lesotho,LSO,2001,,1350.00529706535,2000853
Lesotho,LSO,2002,,1385.18222067454,1994679
Lesotho,LSO,2003,,1484.09584449257,1985059
Lesotho,LSO,2004,,1560.74877547924,1971129
Lesotho,LSO,2005,,1680.87364079911,1953076
Lesotho,LSO,2006,,1813.4444072345,1945063
Lesotho,LSO,2007,,1932.4266622594,1953268
Lesotho,LSO,2008,,2064.42311214194,1966541
Lesotho,LSO,2009,,2036.26308567654,1980883
Lesotho,LSO,2010,,2152.91528289768,1996251
Lesotho,LSO,2011,,2278.50142791066,2014009
Lesotho,LSO,2012,,2291.4956531127,2034354
Lesotho,LSO,2013,,2538.26310306049,2056504
Lesotho,LSO,2014,,2771.24496867163,2080089
Lesotho,LSO,2015,,3034.64692924848,2104611
Lesotho,LSO,2016,,2942.18153663921,2130422
Lesotho,LSO,2017,,2618.81820770145,2157110
Lesotho,LSO,2018,,2632.28775223004,2183603
Lesotho,LSO,2019,,2568.34114362719,2209405
Lesotho,LSO,2020,,2559.09776834929,2235727
Lesotho,LSO,2021,,2544.78249551214,2261542
Lesotho,LSO,2022,,2761.31105002216,2286110
Liberia,LBR,2000,,965.395523330548,2928117
Liberia,LBR,2001,,986.572798678639,3015338
Liberia,LBR,2002,,1012.9189129211,3094782
Liberia,LBR,2003,,715.818246812874,3119532
Liberia,LBR,2004,,745.397861816656,3156892
Liberia,LBR,2005,,774.032567790285,3301015
Liberia,LBR,2006,,815.218917036837,3490787
Liberia,LBR,2007,,872.584645942216,3669050
Liberia,LBR,2008,,915.053599714179,3821003
Liberia,LBR,2009,,939.496290246214,3943028
Liberia,LBR,2010,,980.1181397741,4058890
Liberia,LBR,2011,,1040.76141404018,4221178
Liberia,LBR,2012,,1156.95319448004,4373043
Liberia,LBR,2013,,1360.12910370155,4470239
Liberia,LBR,2014,,1418.77355515891,4564293
Liberia,LBR,2015,,1340.43279741197,4659431
Liberia,LBR,2016,,1490.33581410026,4755608
Liberia,LBR,2017,,1664.94481323566,4848925
Liberia,LBR,2018,,1799.72751397748,4944726
Liberia,LBR,2019,,1899.52200972855,5043721
Liberia,LBR,2020,,1659.52109145991,5149463
Liberia,LBR,2021,,1539.20892304674,5259323
Liberia,LBR,2022,,1691.57275721851,5373294
Libya,LBY,2000,2243.91194681416,20616.9848683599,5305021
Libya,LBY,2001,2272.1725118943,20331.6315181003,5403639
Libya,LBY,2002,2783.56186267907,20060.6396913983,5508410
Libya,LBY,2003,2948.35852523704,22662.7242140997,5619398
Libya,LBY,2004,3091.85100196228,23813.4011504496,5736693
Libya,LBY,2005,3392.67542591501,26902.8985878895,5858798
Libya,LBY,2006,3733.14587060557,28935.6615820305,5980211
Libya,LBY,2007,3712.2525137688,30928.9422810828,6104380
Libya,LBY,2008,3066.98976654377,30812.2837288703,6235430
Libya,LBY,2009,3027.47771760693,29027.1468071228,6366686
Libya,LBY,2010,3206.45063689636,30234.0918728805,6497839
Libya,LBY,2011,2796.22140423379,15698.0519072612,6343203
Libya,LBY,2012,4499.03290454884,26826.0729756733,6179328
Libya,LBY,2013,4879.1141999179,21151.0051911633,6304628
Libya,LBY,2014,4766.11155125083,17509.5285087845,6427252
Libya,LBY,2015,4651.6904402893,17903.2565395803,6531819
Libya,LBY,2016,3840.24670218871,16961.0177111717,6632126
Libya,LBY,2017,3991.82640155399,18026.0187834008,6738770
Libya,LBY,2018,4050.77780803337,18879.3151301984,6849055
Libya,LBY,2019,4088.60093168886,16194.1082061146,6951033
Libya,LBY,2020,3521.02130766476,10954.799045265,7045399
Libya,LBY,2021,4001.72385400498,12641.5097714075,7135175
Libya,LBY,2022,3979.06643382539,12272.8356181334,7223805
Madagascar,MDG,2000,45.8939505839612,1235.78733941908,16516338
Madagascar,MDG,2001,47.2613681056452,1298.56378873164,17032939
Madagascar,MDG,2002,42.7352545850227,1121.08749552772,17549913
Madagascar,MDG,2003,47.64314718346,1218.83563168796,18071854
Madagascar,MDG,2004,50.62717503373,1279.54611058565,18606608
Madagascar,MDG,2005,49.4788359759364,1342.51929937145,19159707
Madagascar,MDG,2006,48.9080356105236,1416.40465948998,19730909
Madagascar,MDG,2007,49.3144625292029,1493.37545004972,20318583
Madagascar,MDG,2008,50.4687476103813,1577.33838928618,20923840
Madagascar,MDG,2009,48.3587719656495,1479.82980025947,21547280
Madagascar,MDG,2010,51.0743648161188,1463.87646786391,22183340
Madagascar,MDG,2011,57.6628998830092,1475.17055178114,22822300
Madagascar,MDG,2012,71.56119069979,1463.61756926447,23462438
Madagascar,MDG,2013,75.738439414848,1473.40398077255,24109290
Madagascar,MDG,2014,78.2172823609166,1498.83976908219,24764348
Madagascar,MDG,2015,79.1294128511043,1496.61172412841,25426702
Madagascar,MDG,2016,66.3985895452988,1561.51962374608,26099952
Madagascar,MDG,2017,81.3039238102348,1546.88001890817,26788375
Madagascar,MDG,2018,82.0878732315919,1546.59563549795,27494926
Madagascar,MDG,2019,82.6377341045149,1612.29772715626,28219554
Madagascar,MDG,2020,70.3540525384861,1490.32312837866,28953556
Madagascar,MDG,2021,80.2934672339167,1577.43246056586,29691083
Madagascar,MDG,2022,81.3148068743768,1716.9788487377,30437261
Malawi,MWI,2000,,974.310137499677,11315942
Malawi,MWI,2001,,924.056368279235,11593058
Malawi,MWI,2002,,931.283507531356,11880440
Malawi,MWI,2003,,979.038977932038,12181574
Malawi,MWI,2004,,1032.80213909276,12500737
Malawi,MWI,2005,,1070.93590957736,12840031
Malawi,MWI,2006,,1124.4382691229,13198701
Malawi,MWI,2007,,1230.56385441329,13576343
Malawi,MWI,2008,,1311.44999791984,13976417
Malawi,MWI,2009,,1387.78991561758,14395788
Malawi,MWI,2010,,1457.60568309596,14826463
Malawi,MWI,2011,,1516.2111831915,15265022
Malawi,MWI,2012,,1464.04323957796,15709577
Malawi,MWI,2013,,1558.11224745203,16161816
Malawi,MWI,2014,,1505.55190404024,16621538
Malawi,MWI,2015,,1403.08451209235,17085587
Malawi,MWI,2016,,1409.95802703533,17557739
Malawi,MWI,2017,,1380.23263621737,18039715
Malawi,MWI,2018,,1363.79445595088,18528081
Malawi,MWI,2019,,1450.01008064784,19025752
Malawi,MWI,2020,,1513.45990803344,19533888
Malawi,MWI,2021,,1687.59358179651,20047258
Malawi,MWI,2022,,1778.30582146001,20568728
Mali,MLI,2000,,1194.67503437542,11559290
Mali,MLI,2001,,1367.65757865055,11912158
Mali,MLI,2002,,1388.24813914805,12288050
Mali,MLI,2003,,1496.41646759567,12684955
Mali,MLI,2004,,1510.90528128815,13102409
Mali,MLI,2005,,1621.24445266641,13538647
Mali,MLI,2006,,1724.92622161218,13990139
Mali,MLI,2007,,1780.78644119963,14457775
Mali,MLI,2008,,1871.24168725189,14940782
Mali,MLI,2009,,1906.87675660163,15435539
Mali,MLI,2010,,1997.68294373356,15945198
Mali,MLI,2011,,2053.38313589339,16469049
Mali,MLI,2012,,2003.1747814705,16957033
Mali,MLI,2013,,2062.18261264161,17459615
Mali,MLI,2014,,2167.19371216906,18020267
Mali,MLI,2015,,2330.24293947692,18593022
Mali,MLI,2016,,2531.80496963482,19191289
Mali,MLI,2017,,2606.69607954141,19813011
Mali,MLI,2018,,2684.41122026577,20442030
Mali,MLI,2019,,2819.86582297259,21068405
Mali,MLI,2020,,2723.70094784441,21713836
Mali,MLI,2021,,2796.22793795431,22388630
Mali,MLI,2022,,3008.75554617553,23072640
Mauritania,MRT,2000,,2303.66639707769,2613441
Mauritania,MRT,2001,,2279.72711478483,2678760
Mauritania,MRT,2002,,2295.8050099533,2738655
Mauritania,MRT,2003,,2446.69817773871,2802046
Mauritania,MRT,2004,,2570.29404911996,2868664
Mauritania,MRT,2005,,2809.03508145691,2939059
Mauritania,MRT,2006,,3341.70718354998,3013660
Mauritania,MRT,2007,,3278.27661394002,3093059
Mauritania,MRT,2008,,3235.99782161036,3183269
Mauritania,MRT,2009,,3158.74414286705,3284448
Mauritania,MRT,2010,,3177.84436561165,3390965
Mauritania,MRT,2011,,3270.86251341888,3502811
Mauritania,MRT,2012,,3464.97661099269,3619034
Mauritania,MRT,2013,,3831.04711012348,3734318
Mauritania,MRT,2014,,3865.1425867687,3848514
Mauritania,MRT,2015,,3977.61171275863,3965959
Mauritania,MRT,2016,,4682.70259690033,4086657
Mauritania,MRT,2017,,5353.06608810407,4210600
Mauritania,MRT,2018,,5429.23223059784,4337685
Mauritania,MRT,2019,,5610.13236713892,4467708
Mauritania,MRT,2020,,5740.73959690129,4600131
Mauritania,MRT,2021,,5836.56580821897,4734874
Mauritania,MRT,2022,,6484.82792721164,4875637
Mauritius,MUS,2000,1363.24610973541,9139.70367062111,1186873
Mauritius,MUS,2001,1453.66454705267,9582.34102879466,1196287
Mauritius,MUS,2002,1473.49249265952,9819.99036010262,1204621
Mauritius,MUS,2003,1561.7659905882,10530.7507325579,1213370
Mauritius,MUS,2004,1614.24664804263,11211.6476360929,1221003
Mauritius,MUS,2005,1683.69083267793,11699.2476307207,1228254
Mauritius,MUS,2006,1743.11748174224,12587.9717563576,1233996
Mauritius,MUS,2007,1816.67110347442,13607.3326951543,1239630
Mauritius,MUS,2008,1881.64977522283,14563.8887533797,1244121
Mauritius,MUS,2009,1907.12256970136,15099.3502357442,1247429
Mauritius,MUS,2010,1995.36148432502,15913.9099205525,1250400
Mauritius,MUS,2011,2032.09188089466,16877.4651716884,1252404
Mauritius,MUS,2012,2075.831965105,17249.8932782975,1255882
Mauritius,MUS,2013,2147.86083704615,18225.2375702488,1258927
Mauritius,MUS,2014,2184.41367324026,19066.4430517664,1261208
Mauritius,MUS,2015,2232.99302625192,20011.3333068005,1262879
Mauritius,MUS,2016,2271.02418442932,21670.4566005949,1263747
Mauritius,MUS,2017,2317.99362314578,22595.7290817609,1264887
Mauritius,MUS,2018,2330.16244764246,23068.2409674878,1265577
Mauritius,MUS,2019,2412.35085723764,24027.1189308354,1265985
Mauritius,MUS,2020,2164.27306491081,21326.224396378,1266014
Mauritius,MUS,2021,2211.89670339737,22737.5729410543,1266334
Mauritius,MUS,2022,2334.2149014315,26556.0768591826,1262523
Morocco,MAR,2000,496.421350902873,3930.22314453125,28423435
Morocco,MAR,2001,530.598279492826,4268.86962890625,28814643
Morocco,MAR,2002,540.719337552369,4436.4287109375,29198142
Morocco,MAR,2003,585.802201213571,4741.0615234375,29571415
Morocco,MAR,2004,559.008778347477,5024.6943359375,29953018
Morocco,MAR,2005,589.693493778803,5274.74169921875,30358144
Morocco,MAR,2006,641.931875341269,5780.6181640625,30771178
Morocco,MAR,2007,663.749418497792,6057.935546875,31186468
Morocco,MAR,2008,695.325782608515,6437.0634765625,31606767
Morocco,MAR,2009,709.255329358531,6628.57666015625,32030778
Morocco,MAR,2010,732.99005981948,6848.66748046875,32467016
Morocco,MAR,2011,783.651531748278,7274.1474609375,32912588
Morocco,MAR,2012,835.460910026104,7307.6123046875,33355241
Morocco,MAR,2013,850.223888541736,7542.0986328125,33787571
Morocco,MAR,2014,882.829826708431,7237.27734375,34204780
Morocco,MAR,2015,886.308517080127,7799.09228515625,34607588
Morocco,MAR,2016,903.451649561607,7853.17626953125,35023457
Morocco,MAR,2017,931.603983841289,8115.12060546875,35446392
Morocco,MAR,2018,923.0251541863,7801.0986328125,35839760
Morocco,MAR,2019,940.186570352384,8046.22900390625,36210898
Morocco,MAR,2020,916.187662173799,7704.84912109375,36584208
Morocco,MAR,2021,950.467605491107,8623.265625,36954442
Morocco,MAR,2022,978.27258674367,9283.92578125,37329064
Mozambique,MOZ,2000,123.168380553119,471.967329761791,18129653
Mozambique,MOZ,2001,273.388396173016,532.627310160456,18537729
Mozambique,MOZ,2002,264.738396372087,580.040921427185,18958338
Mozambique,MOZ,2003,375.300213098122,619.987510681772,19392475
Mozambique,MOZ,2004,452.412217488706,673.345717268781,19840313
Mozambique,MOZ,2005,457.43398936466,721.411761943486,20304569
Mozambique,MOZ,2006,467.453664864153,798.387667642541,20787087
Mozambique,MOZ,2007,470.085098696967,861.987682743539,21287635
Mozambique,MOZ,2008,454.969687936717,916.155850233958,21819036
Mozambique,MOZ,2009,455.703653288299,951.485453763858,22391745
Mozambique,MOZ,2010,466.145939201891,1000.2411486648,22999235
Mozambique,MOZ,2011,493.254715339596,1063.65543296311,23649039
Mozambique,MOZ,2012,483.814385217163,1075.87786085361,24337846
Mozambique,MOZ,2013,486.036606587896,1113.7525275929,25051611
Mozambique,MOZ,2014,466.52622925551,1165.82826607505,25788475
Mozambique,MOZ,2015,477.143446489193,1317.88785956822,26547572
Mozambique,MOZ,2016,481.835951539126,1379.10740028691,27337105
Mozambique,MOZ,2017,472.797493097536,1282.74965991801,28166393
Mozambique,MOZ,2018,450.262252088692,1325.58695568953,29018644
Mozambique,MOZ,2019,459.035790603653,1388.79707034446,29884380
Mozambique,MOZ,2020,417.363897399168,1411.62040229911,30783688
Mozambique,MOZ,2021,406.114583793262,1457.23540930922,31707800
Mozambique,MOZ,2022,397.718709002866,1581.9441944262,32656246
Namibia,NAM,2000,1038.68425263396,5128.61433644621,1818647
Namibia,NAM,2001,1071.59319522166,5196.15009836199,1857048
Namibia,NAM,2002,1105.30854987116,5433.26902723843,1889970
Namibia,NAM,2003,1147.34878985994,5692.63373752872,1917464
Namibia,NAM,2004,1429.39381550316,6479.76368965829,1942082
Namibia,NAM,2005,1501.08157198632,6766.5998120605,1966582
Namibia,NAM,2006,1591.45494124168,7373.75822211888,1991888
Namibia,NAM,2007,1598.63271574358,7874.93144508288,2018600
Namibia,NAM,2008,1638.93904221477,8124.81517886749,2047056
Namibia,NAM,2009,1589.01007704846,8079.38392286218,2077394
Namibia,NAM,2010,1596.35152153439,8538.19995395948,2109811
Namibia,NAM,2011,1622.30789838445,9002.23004537057,2146325
Namibia,NAM,2012,1666.77754215471,9363.76632318029,2194654
Namibia,NAM,2013,1687.45238640662,9699.2083777865,2252508
Namibia,NAM,2014,1636.57980770187,10365.3090596781,2312139
Namibia,NAM,2015,1611.42231394516,10465.8920558516,2374300
Namibia,NAM,2016,1623.88442501741,10200.1392609733,2439213
Namibia,NAM,2017,1648.68063663885,9887.9393548255,2506853
Namibia,NAM,2018,1667.23120504305,9853.73533646074,2577327
Namibia,NAM,2019,1566.87772166245,9609.48555672874,2650494
Namibia,NAM,2020,1426.28781843195,9354.13136713077,2728762
Namibia,NAM,2021,1251.00158403272,9709.09930646771,2810548
Namibia,NAM,2022,1230.93981233791,10662.7017045783,2889662
Niger,NER,2000,32.2338771967474,764.28188514316,11509630
Niger,NER,2001,30.3674792148446,809.387186909375,11920647
Niger,NER,2002,30.0425681326576,832.469364409205,12349144
Niger,NER,2003,29.4600665281757,836.978440593236,12796984
Niger,NER,2004,33.1679058899869,832.125196599523,13265836
Niger,NER,2005,36.3472681974779,888.304262543839,13756192
Niger,NER,2006,34.5514385768283,935.175329354286,14268581
Niger,NER,2007,38.774325992106,954.892280110555,14803610
Niger,NER,2008,38.9274384085578,1010.43184621169,15361915
Niger,NER,2009,42.3365378433768,998.792501504778,15943675
Niger,NER,2010,43.9910120561357,1057.51100257385,16548835
Niger,NER,2011,47.2162690845278,1064.41917390361,17176283
Niger,NER,2012,49.2241616180599,1161.78908289767,17836769
Niger,NER,2013,48.2184081143427,1137.76904129571,18519898
Niger,NER,2014,51.2596099409089,1161.32515723793,19215909
Niger,NER,2015,55.3674922006562,1172.19178758955,19939498
Niger,NER,2016,65.2139663467895,1188.55709229837,20685753
Niger,NER,2017,56.1686470157887,1208.14609955266,21435446
Niger,NER,2018,55.615475145674,1275.99643935327,22188069
Niger,NER,2019,61.6182226437207,1419.16805070193,22947757
Niger,NER,2020,61.2203260083551,1496.83350023022,23717613
Niger,NER,2021,61.1375169679057,1585.59922021188,24502140
Niger,NER,2022,62.4210526773239,1839.96909675903,25311973
Nigeria,NGA,2000,95.551208223506,2229.06577778458,126382494
Nigeria,NGA,2001,97.4337529601961,2349.44185628576,129862595
Nigeria,NGA,2002,130.993777278617,2677.28601987647,133471989
Nigeria,NGA,2003,119.662417001235,2851.04398807213,137202644
Nigeria,NGA,2004,139.603094620336,3111.1401597167,141057045
Nigeria,NGA,2005,132.053253001558,3322.01419839354,145017253
Nigeria,NGA,2006,126.625553955774,3533.04684735719,149077334
Nigeria,NGA,2007,131.280482659633,3762.20346362528,153267261
Nigeria,NGA,2008,121.805884036407,3981.65811697837,157595014
Nigeria,NGA,2009,111.465965725132,4209.21853192942,162049464
Nigeria,NGA,2010,140.756083641038,4474.60705075023,166642886
Nigeria,NGA,2011,142.852476524073,4676.40815119281,171379598
Nigeria,NGA,2012,149.863259565623,4737.10674439825,176200625
Nigeria,NGA,2013,159.895548532563,4973.78527551768,181049443
Nigeria,NGA,2014,187.862181575203,5252.15094956758,185896915
Nigeria,NGA,2015,200.674585058631,5189.45397195461,190671878
Nigeria,NGA,2016,219.234490546382,5022.33326703982,195443700
Nigeria,NGA,2017,138.189099785828,4996.89472791886,200254579
Nigeria,NGA,2018,139.617321282156,5083.17233102207,204938755
Nigeria,NGA,2019,138.391346832216,5362.40830757561,209485641
Nigeria,NGA,2020,141.081956971933,5353.70554899388,213996181
Nigeria,NGA,2021,142.790930090716,5491.70034068297,218529286
Nigeria,NGA,2022,135.603309430584,5948.72614706809,223150896
Rwanda,RWA,2000,25.3228326364076,609.265855545553,8213931
Rwanda,RWA,2001,26.1852948693474,669.875436350145,8287094
Rwanda,RWA,2002,28.451771271568,759.662612911492,8400180
Rwanda,RWA,2003,27.7167188296091,774.508237332335,8586875
Rwanda,RWA,2004,23.59120791975,832.279719304053,8816844
Rwanda,RWA,2005,24.5181195530015,914.227366408104,9054528
Rwanda,RWA,2006,28.1743272519084,1002.28949388428,9299246
Rwanda,RWA,2007,27.6441730010043,1078.93885246368,9549933
Rwanda,RWA,2008,29.9869373229151,1190.7575798332,9804269
Rwanda,RWA,2009,29.4221957864235,1240.54972631385,10060432
Rwanda,RWA,2010,28.1074398163983,1314.13559494324,10317553
Rwanda,RWA,2011,31.6822828796604,1412.90752155318,10573733
Rwanda,RWA,2012,35.3650508901236,1454.52507891388,10829901
Rwanda,RWA,2013,33.1730569873456,1512.24171253848,11093340
Rwanda,RWA,2014,35.284520381738,1677.56869684182,11364757
Rwanda,RWA,2015,41.2370354626478,1780.74171636863,11640022
Rwanda,RWA,2016,47.2347811087387,1866.38968530286,11919183
Rwanda,RWA,2017,48.1885845504775,1967.94286602499,12202060
Rwanda,RWA,2018,56.7745217086873,2125.49522712839,12487996
Rwanda,RWA,2019,55.1811456122419,2336.03967302732,12776103
Rwanda,RWA,2020,54.8759333213785,2284.89889795328,13065837
Rwanda,RWA,2021,60.6502606463671,2733.43566762447,13355260
Rwanda,RWA,2022,68.1267274337541,3098.67700634994,13651030
Sao Tome and Principe,STP,2000,,1830.36629942706,144018
Sao Tome and Principe,STP,2001,,1897.87411122439,146375
Sao Tome and Principe,STP,2002,,1944.99838482036,149922
Sao Tome and Principe,STP,2003,,2093.50493378321,153814
Sao Tome and Principe,STP,2004,,2170.94121914898,157705
Sao Tome and Principe,STP,2005,,2329.01423017277,161639
Sao Tome and Principe,STP,2006,,2550.59553998213,165638
Sao Tome and Principe,STP,2007,,2650.1038762996,169700
Sao Tome and Principe,STP,2008,,2801.83579340874,173793
Sao Tome and Principe,STP,2009,,2845.73589383231,177853
Sao Tome and Principe,STP,2010,,2858.56899092769,181802
Sao Tome and Principe,STP,2011,,2914.21285695222,185649
Sao Tome and Principe,STP,2012,,2694.65726490631,189439
Sao Tome and Principe,STP,2013,,2945.73664283744,193148
Sao Tome and Principe,STP,2014,,3233.3568807314,196767
Sao Tome and Principe,STP,2015,,3171.50905832741,200291
Sao Tome and Principe,STP,2016,,3319.54261733278,203689
Sao Tome and Principe,STP,2017,,3436.31010124694,206970
Sao Tome and Principe,STP,2018,,3941.03280858409,210187
Sao Tome and Principe,STP,2019,,4655.48496449805,213392
Sao Tome and Principe,STP,2020,,5144.53560286014,217435
Sao Tome and Principe,STP,2021,,5732.69456061536,221961
Sao Tome and Principe,STP,2022,,6033.6811722183,226305
Senegal,SEN,2000,100.820002688533,1963.27509878739,9968260
Senegal,SEN,2001,122.393723571523,2043.85289540933,10212942
Senegal,SEN,2002,144.751483201089,2026.77782446969,10466214
Senegal,SEN,2003,125.359382217025,2130.50797474486,10721176
Senegal,SEN,2004,138.214368754843,2236.29400949837,10975704
Senegal,SEN,2005,158.159799606105,2350.20037042455,11235472
Senegal,SEN,2006,157.911752721326,2422.09761798858,11500094
Senegal,SEN,2007,182.747420126379,2499.31582882192,11770344
Senegal,SEN,2008,160.345802487999,2580.71949180217,12048959
Senegal,SEN,2009,211.714164155803,2605.72280250701,12337389
Senegal,SEN,2010,223.577970898142,2662.50486626479,12635413
Senegal,SEN,2011,224.787649751364,2684.94989722318,12958897
Senegal,SEN,2012,238.758964260908,2764.26130708482,13310495
Senegal,SEN,2013,238.934875586479,2768.76818711984,13710849
Senegal,SEN,2014,255.227103365988,2853.80456250635,14152102
Senegal,SEN,2015,264.024711013544,2994.28032714875,14593331
Senegal,SEN,2016,275.831867207475,3101.12348494108,15034521
Senegal,SEN,2017,263.069432882787,3234.36158194088,15475002
Senegal,SEN,2018,271.6391054245,3380.21596529445,15914498
Senegal,SEN,2019,310.52554399758,3647.95137357242,16352922
Senegal,SEN,2020,312.164609920211,3752.91947490817,16789219
Senegal,SEN,2021,329.600129888931,4173.67741399619,17220867
Senegal,SEN,2022,399.521774928173,4530.22059496055,17651103
Seychelles,SYC,2000,,14637.9590709133,81131
Seychelles,SYC,2001,,14614.8329926864,81202
Seychelles,SYC,2002,,14569.6256457696,83723
Seychelles,SYC,2003,,14141.7230046746,82781
Seychelles,SYC,2004,,14160.4071686004,82475
Seychelles,SYC,2005,,15846.0514029555,82858
Seychelles,SYC,2006,,17503.1964981748,84600
Seychelles,SYC,2007,,19473.4206754148,85033
Seychelles,SYC,2008,,18880.5748562445,86956
Seychelles,SYC,2009,,18453.4410730348,87298
Seychelles,SYC,2010,,18981.6586503443,89770
Seychelles,SYC,2011,,21780.7075576057,87441
Seychelles,SYC,2012,,22263.822159947,88303
Seychelles,SYC,2013,,22487.2497747,89949
Seychelles,SYC,2014,,24984.526915426,91359
Seychelles,SYC,2015,,25435.2289894362,93419
Seychelles,SYC,2016,,28811.3970334958,94677
Seychelles,SYC,2017,,30674.6487335442,95843
Seychelles,SYC,2018,,32091.2988657346,96762
Seychelles,SYC,2019,,34219.061370118,97625
Seychelles,SYC,2020,,31055.9442055039,98462
Seychelles,SYC,2021,,29979.8272686091,99258
Seychelles,SYC,2022,,29972.8758315937,119878
Sierra Leone,SLE,2000,,1242.07431827801,4423611
Sierra Leone,SLE,2001,,1121.24259939132,4692716
Sierra Leone,SLE,2002,,1359.91725413601,4971435
Sierra Leone,SLE,2003,,1457.80167818792,5177687
Sierra Leone,SLE,2004,,1541.00571374326,5355717
Sierra Leone,SLE,2005,,1614.5036211509,5501712
Sierra Leone,SLE,2006,,1697.69680421278,5624466
Sierra Leone,SLE,2007,,1769.77972125467,5749352
Sierra Leone,SLE,2008,,1824.24498367556,5894722
Sierra Leone,SLE,2009,,1814.0708691735,6055646
Sierra Leone,SLE,2010,,1900.38515206703,6222714
Sierra Leone,SLE,2011,,2042.70009101399,6387251
Sierra Leone,SLE,2012,,2317.1913997528,6551080
Sierra Leone,SLE,2013,,2700.73807805259,6714051
Sierra Leone,SLE,2014,,2762.04553745948,6876385
Sierra Leone,SLE,2015,,2560.04985807593,7037655
Sierra Leone,SLE,2016,,2634.9252433025,7205328
Sierra Leone,SLE,2017,,2501.4531554482,7379299
Sierra Leone,SLE,2018,,2640.47566787646,7554563
Sierra Leone,SLE,2019,,2705.13854735265,7731991
Sierra Leone,SLE,2020,,2721.34184517493,7912558
Sierra Leone,SLE,2021,,2851.95208070348,8094602
Sierra Leone,SLE,2022,,3146.79294389687,8276807
"Somalia, Fed. Rep.",SOM,2000,,467.060922117287,8838713
"Somalia, Fed. Rep.",SOM,2001,,491.527329981969,9198493
"Somalia, Fed. Rep.",SOM,2002,,517.475206104713,9550063
"Somalia, Fed. Rep.",SOM,2003,,547.37415477772,9909157
"Somalia, Fed. Rep.",SOM,2004,,580.28495553937,10280998
"Somalia, Fed. Rep.",SOM,2005,,619.158298420467,10644228
"Somalia, Fed. Rep.",SOM,2006,,659.137580504202,10975502
"Somalia, Fed. Rep.",SOM,2007,,700.174057965459,11322582
"Somalia, Fed. Rep.",SOM,2008,,739.209469334926,11663084
"Somalia, Fed. Rep.",SOM,2009,,773.780862193039,11961201
"Somalia, Fed. Rep.",SOM,2010,,815.131435995058,12261756
"Somalia, Fed. Rep.",SOM,2011,,881.38311305094,12348830
"Somalia, Fed. Rep.",SOM,2012,,1002.9322657147,12461160
"Somalia, Fed. Rep.",SOM,2013,,944.404567280324,12869594
"Somalia, Fed. Rep.",SOM,2014,,1127.71922200338,13339491
"Somalia, Fed. Rep.",SOM,2015,,1341.38999678728,13806963
"Somalia, Fed. Rep.",SOM,2016,,1468.50438474605,14348740
"Somalia, Fed. Rep.",SOM,2017,,1596.81409178022,14916629
"Somalia, Fed. Rep.",SOM,2018,,1551.61461389838,15452487
"Somalia, Fed. Rep.",SOM,2019,,1548.09792808184,16030971
"Somalia, Fed. Rep.",SOM,2020,,1454.33348080341,16651191
"Somalia, Fed. Rep.",SOM,2021,,1392.46425983265,17271431
"Somalia, Fed. Rep.",SOM,2022,,1486.75765710824,17801897
South Africa,ZAF,2000,4367.07436700376,8095.29428867929,47159719
South Africa,ZAF,2001,4121.6352582053,8428.31681707531,47566800
South Africa,ZAF,2002,4352.59363322106,8792.35588574265,48019415
South Africa,ZAF,2003,4392.31899944306,9138.82823855017,48500348
South Africa,ZAF,2004,4430.65327702987,9713.65348468834,48991421
South Africa,ZAF,2005,4486.13562249999,10440.6275147132,49490033
South Africa,ZAF,2006,4579.43780742684,11250.179555872,49998277
South Africa,ZAF,2007,4716.41952206696,12046.6051072501,50528584
South Africa,ZAF,2008,4543.32039267294,12525.2630299811,51114599
South Africa,ZAF,2009,4321.02092393294,12261.4115911303,51728516
South Africa,ZAF,2010,4444.78399274065,12637.2912226018,52344051
South Africa,ZAF,2011,4480.89596030433,13143.1933361097,52995205
South Africa,ZAF,2012,4288.91763384965,12986.7976675307,53782567
South Africa,ZAF,2013,4207.92039823997,13369.4382039605,54678791
South Africa,ZAF,2014,4118.70972625192,13358.9417186608,55594838
South Africa,ZAF,2015,4023.19763663539,13397.5234813346,56723537
South Africa,ZAF,2016,3935.6578258883,13519.3235102376,57259551
South Africa,ZAF,2017,3939.81715536776,13738.4385854596,57635162
South Africa,ZAF,2018,3906.31764444206,13347.3634826038,58613001
South Africa,ZAF,2019,3768.65196675465,13361.4851289112,59587885
South Africa,ZAF,2020,3477.81901111187,12671.0862436851,60562381
South Africa,ZAF,2021,3518.45270679031,13711.2935730474,61502603
South Africa,ZAF,2022,3404.62349072379,14759.4350715619,62378410
South Sudan,SSD,2000,,,6032267
South Sudan,SSD,2001,,,6308391
South Sudan,SSD,2002,,,6596806
South Sudan,SSD,2003,,,6903127
South Sudan,SSD,2004,,,7233041
South Sudan,SSD,2005,,,7590143
South Sudan,SSD,2006,,,7976526
South Sudan,SSD,2007,,,8388788
South Sudan,SSD,2008,,2887.37415932878,8817647
South Sudan,SSD,2009,,2911.0429729878,9243556
South Sudan,SSD,2010,,2948.0500149385,9745953
South Sudan,SSD,2011,,2718.04847850752,10288109
South Sudan,SSD,2012,38.9541326708962,1417.38566439045,10756240
South Sudan,SSD,2013,39.8521440677397,1916.8535588619,11166275
South Sudan,SSD,2014,40.2311582666174,1372.75618491146,11235073
South Sudan,SSD,2015,49.6058495649945,1154.88686304107,11107561
South Sudan,SSD,2016,44.2285769792381,,10830102
South Sudan,SSD,2017,50.5889666925752,,10259154
South Sudan,SSD,2018,51.8622140502739,,10122977
South Sudan,SSD,2019,51.3269011292302,,10423384
South Sudan,SSD,2020,50.1006359135379,,10698467
South Sudan,SSD,2021,49.9734027377694,,10865780
South Sudan,SSD,2022,46.909690317105,,11021177
Sudan,SDN,2000,81.0303290338248,2616.46459960938,27816745
Sudan,SDN,2001,68.7665538558539,2769.4228515625,28516770
Sudan,SDN,2002,80.2977153264321,2898.138671875,29228727
Sudan,SDN,2003,85.1283456150623,3058.10375976563,29896035
Sudan,SDN,2004,86.1024071464409,3215.236328125,30556637
Sudan,SDN,2005,101.495583646627,3407.35180664063,31262444
Sudan,SDN,2006,113.589353233038,3637.32666015625,31992435
Sudan,SDN,2007,122.725657185822,3836.48901367188,32764135
Sudan,SDN,2008,133.684352655456,3937.52685546875,33623980
Sudan,SDN,2009,153.287126574523,3731.61474609375,34569113
Sudan,SDN,2010,178.373773899142,3805.62744140625,35414399
Sudan,SDN,2011,194.184933230321,4112.21875,36140806
Sudan,SDN,2012,217.993153243743,3710.376953125,36923178
Sudan,SDN,2013,233.685367238936,3724.9599609375,37785849
Sudan,SDN,2014,237.048260532497,4260.57177734375,38823318
Sudan,SDN,2015,250.971712752144,4217.01025390625,40024431
Sudan,SDN,2016,286.913014702026,4470.35498046875,41259892
Sudan,SDN,2017,311.230621422247,4252.42138671875,42714306
Sudan,SDN,2018,304.856846152378,4199.25048828125,44230596
Sudan,SDN,2019,282.711656394576,3914.2255859375,45548175
Sudan,SDN,2020,300.4537518473,3348.57836914063,46789231
Sudan,SDN,2021,304.138454959173,3248.9755859375,48066924
Sudan,SDN,2022,278.81869324934,3355.37817382813,49383346
Tanzania,TZA,2000,58.6979521595052,1163.64367675781,34260139
Tanzania,TZA,2001,62.4461994598091,1228.52233886719,35198299
Tanzania,TZA,2002,67.910062161654,1302.05554199219,36121304
Tanzania,TZA,2003,67.9975804508844,1379.45776367188,37089555
Tanzania,TZA,2004,79.507383795629,1482.162109375,38109668
Tanzania,TZA,2005,79.4751151010988,1598.03747558594,39182076
Tanzania,TZA,2006,65.541789877042,1706.54846191406,40294902
Tanzania,TZA,2007,81.5966748522379,1820.00134277344,41435512
Tanzania,TZA,2008,86.1624917478508,1908.37353515625,42570728
Tanzania,TZA,2009,72.8102239213464,1972.16784667969,43633982
Tanzania,TZA,2010,96.7190848806153,2069.40185546875,44758488
Tanzania,TZA,2011,88.1176575815175,2211.466796875,46029367
Tanzania,TZA,2012,98.6822802087041,2083.48486328125,47374260
Tanzania,TZA,2013,100.38069701931,2176.21655273438,48824128
Tanzania,TZA,2014,103.015774382307,2221.1796875,50351512
Tanzania,TZA,2015,105.515157524384,2317.27978515625,52020962
Tanzania,TZA,2016,105.696318109911,2434.69995117188,53824013
Tanzania,TZA,2017,107.972829443359,2472.4931640625,55652890
Tanzania,TZA,2018,110.956072067997,2727.88012695313,57437145
Tanzania,TZA,2019,114.964301328413,2981.87451171875,59174891
Tanzania,TZA,2020,112.148371475424,3290.60986328125,60972798
Tanzania,TZA,2021,120.92869930568,3493.0830078125,62830412
Tanzania,TZA,2022,123.470486172843,3799.8623046875,64711821
Togo,TGO,2000,91.2444793685337,1314.73715657784,5140037
Togo,TGO,2001,94.7439469039763,1320.13592825557,5277382
Togo,TGO,2002,92.5502754894727,1357.00956946301,5413274
Togo,TGO,2003,98.8803110569261,1439.8515206403,5552167
Togo,TGO,2004,103.045585119866,1427.00202406577,5696508
Togo,TGO,2005,105.053680891061,1367.51041342189,5844631
Togo,TGO,2006,104.148157908572,1407.06799926983,6010668
Togo,TGO,2007,97.9260364323638,1387.20059598512,6188344
Togo,TGO,2008,100.175668554826,1429.30678423965,6368812
Togo,TGO,2009,118.439558812643,1474.18400447056,6551865
Togo,TGO,2010,118.379405251174,1537.0546089113,6732590
Togo,TGO,2011,128.678283183021,1615.98236269349,6916474
Togo,TGO,2012,147.308673354424,1645.31381856677,7100736
Togo,TGO,2013,86.8856000775245,1715.36169204481,7285442
Togo,TGO,2014,173.035617501623,1803.14911257134,7472450
Togo,TGO,2015,91.6066992944849,1879.66940004825,7663195
Togo,TGO,2016,126.617893538912,1932.9272172408,7858289
Togo,TGO,2017,170.40786184676,1985.52568595321,8057140
Togo,TGO,2018,125.442286982408,2067.09131262388,8258778
Togo,TGO,2019,167.078889121534,2214.71375053039,8463068
Togo,TGO,2020,162.058290233133,2356.75859666213,8669720
Togo,TGO,2021,161.515970426583,2577.20196322069,8878379
Togo,TGO,2022,191.864716012717,2852.06442925895,9089738
Tunisia,TUN,2000,970.820594299911,6278.98680881057,9764935
Tunisia,TUN,2001,1027.38924485573,6593.38196542465,9869677
Tunisia,TUN,2002,1055.40632491652,6715.11078442505,9971515
Tunisia,TUN,2003,981.07238231103,7098.4235616264,10071632
Tunisia,TUN,2004,1019.95216877794,7671.84535965305,10166163
Tunisia,TUN,2005,1067.82018419045,8116.9548993789,10255472
Tunisia,TUN,2006,1092.06961641768,8728.65712549853,10346410
Tunisia,TUN,2007,1135.92592471994,9479.35063936328,10441702
Tunisia,TUN,2008,1174.46919105138,9975.022321259,10542635
Tunisia,TUN,2009,1259.16831045827,10237.08899945,10650681
Tunisia,TUN,2010,1348.41417130628,10555.0887033221,10765980
Tunisia,TUN,2011,1305.43398032433,10435.9956675373,10886035
Tunisia,TUN,2012,1387.96457325108,10614.531301194,11009647
Tunisia,TUN,2013,1401.62409242461,10671.569727457,11141361
Tunisia,TUN,2014,1442.84055897809,10946.8935757639,11274288
Tunisia,TUN,2015,1438.92476090713,10782.5438382441,11402264
Tunisia,TUN,2016,1442.05656261943,10993.6638464521,11528674
Tunisia,TUN,2017,1457.53426162555,11288.7800135085,11650498
Tunisia,TUN,2018,1464.78938361724,11841.4061980603,11765514
Tunisia,TUN,2019,1533.80006418483,12494.7905733455,11875081
Tunisia,TUN,2020,1423.24360072781,11918.066205483,11974057
Tunisia,TUN,2021,1519.59286298466,12444.3264026887,12048622
Tunisia,TUN,2022,1595.4672096668,13608.0725802241,12119334
Uganda,UGA,2000,29.7498140636621,1124.20958232447,24000150
Uganda,UGA,2001,33.0966913168992,1172.6831745569,24745676
Uganda,UGA,2002,30.588022419728,1254.98203506699,25532870
Uganda,UGA,2003,33.5456830728331,1320.23991630988,26352124
Uganda,UGA,2004,36.6789832188128,1405.24288438896,27154515
Uganda,UGA,2005,40.5531695502628,1496.50947836066,27963289
Uganda,UGA,2006,33.0624401199097,1659.72529096776,28794003
Uganda,UGA,2007,40.4000481563178,1794.53518881483,29653430
Uganda,UGA,2008,53.0459630499503,1930.70869517816,30539553
Uganda,UGA,2009,49.9822725088821,2014.60879442098,31451151
Uganda,UGA,2010,59.8626733601718,2091.55963145331,32390802
Uganda,UGA,2011,56.2741932935492,2267.72270357093,33354543
Uganda,UGA,2012,59.4686184799227,2031.94669538814,34337438
Uganda,UGA,2013,61.7199368300267,2044.88182485845,35337042
Uganda,UGA,2014,64.760683994816,2134.00916281741,36395539
Uganda,UGA,2015,74.5774623231943,2189.96485919003,37531446
Uganda,UGA,2016,75.9552683007092,2165.29759404413,38799152
Uganda,UGA,2017,69.3175972514689,2157.95747503369,40177388
Uganda,UGA,2018,75.2300609604076,2312.05752813495,41565831
Uganda,UGA,2019,80.7448676834179,2441.37445233821,42999637
Uganda,UGA,2020,78.8849452164637,2532.21950102069,44457152
Uganda,UGA,2021,84.2500903379653,2684.92035939744,45910930
Uganda,UGA,2022,89.8701256209773,2919.17775407108,47312719
Zambia,ZMB,2000,623.201233904503,1708.51552615927,10017631
Zambia,ZMB,2001,642.894049840269,1785.06711385476,10325185
Zambia,ZMB,2002,666.513335103314,1837.06585172035,10647949
Zambia,ZMB,2003,683.109674018388,1942.21520871647,10983595
Zambia,ZMB,2004,703.462754839878,2067.9372845653,11338198
Zambia,ZMB,2005,706.385174137428,2212.81202553596,11718819
Zambia,ZMB,2006,712.722059914327,2377.99239778211,12129553
Zambia,ZMB,2007,660.958521171962,2554.68937629218,12565085
Zambia,ZMB,2008,581.814875353689,2708.00819669101,13021324
Zambia,ZMB,2009,556.989127592985,2872.46418366268,13490389
Zambia,ZMB,2010,575.485725848825,3097.66400499243,13965594
Zambia,ZMB,2011,613.459284228701,3228.48714255039,14437796
Zambia,ZMB,2012,711.3627407521,3323.63312219856,14913629
Zambia,ZMB,2013,724.33288999277,3477.28178777683,15398997
Zambia,ZMB,2014,695.173389140133,3441.31497643775,15895315
Zambia,ZMB,2015,718.149648434739,3337.47306887696,16399089
Zambia,ZMB,2016,661.329091746139,3313.35121570029,16914423
Zambia,ZMB,2017,719.383624633915,3391.62768492775,17441320
Zambia,ZMB,2018,748.877421062005,3442.27307196302,17973569
Zambia,ZMB,2019,695.479743558319,3361.39750299612,18513839
Zambia,ZMB,2020,621.898019323279,3157.30009311643,19059395
Zambia,ZMB,2021,674.365691987194,3503.03491418372,19603607
Zambia,ZMB,2022,703.966836001778,3840.72450511139,20152938
Zimbabwe,ZWE,2000,897.069514057915,2243.17630615662,11892055
Zimbabwe,ZWE,2001,868.533744139715,2311.18808330315,11971901
Zimbabwe,ZWE,2002,868.654982071375,2117.87488429394,12087653
Zimbabwe,ZWE,2003,861.651544028064,1771.44634414553,12232323
Zimbabwe,ZWE,2004,831.803857965488,1694.93011702944,12365896
Zimbabwe,ZWE,2005,862.823620940139,1632.72114672243,12483432
Zimbabwe,ZWE,2006,838.764383495516,1605.13752850331,12636445
Zimbabwe,ZWE,2007,727.65993406153,1567.60212822795,12804058
Zimbabwe,ZWE,2008,599.807904052959,1299.74654718487,12959149
Zimbabwe,ZWE,2009,558.024589908231,1460.632214261,13142790
Zimbabwe,ZWE,2010,576.795740935457,1740.94575434279,13356548
Zimbabwe,ZWE,2011,603.511887529216,1993.4184465202,13595424
Zimbabwe,ZWE,2012,577.801801389749,2271.5447352458,13817887
Zimbabwe,ZWE,2013,599.266095268324,2475.28833044285,14013808
Zimbabwe,ZWE,2014,582.726177328242,2553.44787153732,14207359
Zimbabwe,ZWE,2015,552.537871866634,2646.645807311,14399013
Zimbabwe,ZWE,2016,511.77051640193,2796.80760297879,14600294
Zimbabwe,ZWE,2017,542.717959083427,7045.36652602555,14812482
Zimbabwe,ZWE,2018,641.659569633798,2614.40531425512,15034452
Zimbabwe,ZWE,2019,520.778492142944,3211.25304787065,15271368
Zimbabwe,ZWE,2020,464.806598720877,3510.67604016744,15526888
Zimbabwe,ZWE,2021,540.095371271256,3184.78460176113,15797210
Zimbabwe,ZWE,2022,538.799541180266,3560.03940257044,16069056
