Data Source,World Development Indicators,,,,,,,,,,,,,,,,,,,,,,,,,,,
,,,,,,,,,,,,,,,,,,,,,,,,,,,,
Last Updated Date,12/19/25,,,,,,,,,,,,,,,,,,,,,,,,,,,
,,,,,,,,,,,,,,,,,,,,,,,,,,,,
Country Name,Country Code,Indicator Name,Indicator Code,2000,2001,2002,2003,2004,2005,2006,2007,2008,2009,2010,2011,2012,2013,2014,2015,2016,2017,2018,2019,2020,2021,2022,2023,2024
Aruba,ABW,"GDP per capita, PPP (current international $)",NY.GDP.PCAP.PP.CD,30245.70697,31920.23907,31888.50874,32507.08431,35059.2731,35098.79767,35937.59466,37768.56601,38904.99925,34339.93916,33729.51191,35324.07206,34095.64717,35901.64596,35657.2872,35972.85966,36117.53526,37524.91492,39287.05971,38543.90729,28854.5973,35104.7868,41758.89576,46574.35742,50649.30152
Africa Eastern and Southern,AFE,"GDP per capita, PPP (current international $)",NY.GDP.PCAP.PP.CD,2167.022577,2238.454817,2299.255597,2353.972416,2486.09103,2649.498234,2835.845015,3023.755132,3132.535959,3095.108504,3210.348232,3320.033247,3244.664345,3373.823793,3514.322153,3539.815506,3634.441673,3837.726375,3723.216423,3801.413183,3708.094649,4028.376504,4369.191056,4501.601101,4635.788224
Afghanistan,AFG,"GDP per capita, PPP (current international $)",NY.GDP.PCAP.PP.CD,813.550256,747.6880455,926.507941,966.9620321,971.633503,1076.087353,1121.834471,1286.949843,1333.747267,1570.698145,1765.538028,1744.060623,1988.429304,2133.241271,2224.490748,2284.075848,2213.181441,2335.795862,2432.276701,2583.485332,2561.981761,2144.16657,2122.995815,2201.722907,
Africa Western and Central,AFW,"GDP per capita, PPP (current international $)",NY.GDP.PCAP.PP.CD,2457.445111,2575.017011,2807.406331,2948.095191,3184.34533,3380.219194,3569.23524,3762.119849,3963.394037,4122.852971,4346.833633,4531.802947,4661.175276,4861.150622,5114.69221,5056.739439,4965.330229,5026.648499,5179.35999,5484.249418,5414.04254,5690.967743,6220.122875,6520.280313,6815.990961
Angola,AGO,"GDP per capita, PPP (current international $)",NY.GDP.PCAP.PP.CD,3689.537808,3801.633134,4241.291502,4322.197732,4770.688026,5415.61212,6017.818163,6727.963289,7315.602331,7227.563642,7411.654609,7537.596564,8246.360812,8504.095321,9017.690182,8067.485847,7766.837875,8006.836615,8278.368862,8572.878956,7827.428043,8862.281333,9588.241295,9753.600468,10118.60899
Albania,ALB,"GDP per capita, PPP (current international $)",NY.GDP.PCAP.PP.CD,3976.926083,4451.000524,4840.347882,5169.842511,5595.55058,6014.326823,6754.356795,7584.970687,8469.260125,9025.926107,9755.92876,10273.46683,10608.79125,10882.05808,11787.87181,12389.93191,13055.55875,14110.51654,15054.99847,16441.80419,16287.64326,18212.85327,22032.46085,24128.84454,26693.19344
Andorra,AND,"GDP per capita, PPP (current international $)",NY.GDP.PCAP.PP.CD,33458.11816,36895.44025,38787.05225,41147.8807,42717.23777,44577.81933,46852.65839,47501.43093,44838.995,42522.99456,43853.17124,46436.11586,45503.04448,45609.23072,48505.60174,50733.239,53110.14263,53084.86396,55244.65541,57475.06928,52095.8414,59332.20291,68470.07595,71730.66868,74939.4746
Arab World,ARB,"GDP per capita, PPP (current international $)",NY.GDP.PCAP.PP.CD,9944.486687,10137.39325,10152.49385,10468.01781,11487.51733,12202.83473,13018.85712,13618.27929,14288.84774,14113.55608,14676.78186,15244.9958,16106.53064,16033.85988,15817.08277,14332.86621,13860.66332,14473.33638,15558.1308,15746.00488,14309.39281,16026.6357,17956.13156,18488.74156,18870.31481
United Arab Emirates,ARE,"GDP per capita, PPP (current international $)",NY.GDP.PCAP.PP.CD,92899.3675,90370.25412,88466.58162,92635.92269,98661.43706,101301.4123,106814.0536,100813.1882,94628.26666,84780.32097,85120.19747,89665.40189,89198.0119,87526.32548,87477.7342,73986.06364,69986.98357,70281.88895,77446.22699,79816.30109,66790.68227,68580.14854,75071.65863,77955.29518,79228.7388
Argentina,ARG,"GDP per capita, PPP (current international $)",NY.GDP.PCAP.PP.CD,11499.9828,11117.75492,9953.464929,10933.39255,12117.67974,13464.81285,14843.57787,16455.11298,17276.75709,16182.07535,17847.61104,19104.99094,19430.41781,19928.98949,19487.41817,19899.14993,20105.76136,23385.07409,24410.39191,23516.8262,22393.34796,26300.27426,29808.80735,30221.49769,30431.19312
Armenia,ARM,"GDP per capita, PPP (current international $)",NY.GDP.PCAP.PP.CD,2530.743947,2844.362664,3282.117063,3836.225568,4377.227597,5172.218921,6072.759245,7136.754055,7827.316667,6811.69248,7095.21268,7624.267726,8942.635379,9454.878528,9736.234975,9756.840848,10570.27204,12066.00431,12877.49375,14975.75395,14706.3173,15921.70528,19161.37005,21534.03054,22823.17953
American Samoa,ASM,"GDP per capita, PPP (current international $)",NY.GDP.PCAP.PP.CD,,,,,,,,,,,,,,,,,,,,,,,,,
Antigua and Barbuda,ATG,"GDP per capita, PPP (current international $)",NY.GDP.PCAP.PP.CD,19318.89658,18568.67991,18812.78278,20127.34557,21628.68365,23484.80011,26949.40858,29850.56757,29978.20959,26156.91517,24071.0298,23804.07901,23011.73866,21760.52329,21671.47379,20985.43883,21320.43751,21422.00216,24524.2138,26550.58984,22370.09187,25745.49581,29933.88937,31601.75271,33386.19171
Australia,AUS,"GDP per capita, PPP (current international $)",NY.GDP.PCAP.PP.CD,26588.48654,27699.04204,29080.04393,30171.92718,31814.59823,33089.70235,34906.81631,36722.26751,37616.01124,40442.58963,39500.63035,42152.81618,43007.26978,46123.4751,47108.59065,46452.35658,47446.2103,48564.82866,50371.23383,52885.83138,54184.16145,58327.41468,66046.59863,70755.41236,71410.41987
Austria,AUT,"GDP per capita, PPP (current international $)",NY.GDP.PCAP.PP.CD,29214.73865,29556.40356,30952.17082,31962.92553,33523.0205,34776.66995,37396.0351,39193.81736,41046.79004,40665.50466,41740.11492,44171.56187,46156.48321,47519.85228,48355.49776,49562.59393,52397.86352,53869.83212,56636.4953,60354.92794,58523.03378,62968.94223,70734.94256,70478.78736,71621.80336
Azerbaijan,AZE,"GDP per capita, PPP (current international $)",NY.GDP.PCAP.PP.CD,3439.144429,3834.898159,4230.405902,4718.421123,5247.538344,6854.936188,9398.013248,11973.95963,13216.8435,14245.50354,14930.40999,14804.57445,15994.14665,17267.51189,17563.61225,15075.27263,14535.80202,14315.92964,15282.99952,16675.31794,15163.57033,20111.3757,22552.08866,23651.59949,25088.99938
Burundi,BDI,"GDP per capita, PPP (current international $)",NY.GDP.PCAP.PP.CD,519.2373067,528.4355734,544.92279,531.8126122,551.5622092,553.0479738,579.7078044,593.5607345,609.0429065,604.5881541,613.69588,628.6654483,637.2470802,687.3709683,724.3719542,722.0328984,764.2822216,791.3934949,823.0131022,868.4237317,958.1355995,1035.538574,1104.777188,1149.984058,1194.946814
Belgium,BEL,"GDP per capita, PPP (current international $)",NY.GDP.PCAP.PP.CD,27788.09088,28796.57958,30282.28865,30934.58265,32063.98269,33177.89095,35258.98506,36799.53187,37883.33194,37885.90591,39844.40544,41244.8495,42483.52507,43864.12042,45147.64295,46084.24246,48414.55181,50256.06318,52466.73308,56712.46957,56120.09584,60669.21377,68157.83479,69103.01026,72236.90505
Benin,BEN,"GDP per capita, PPP (current international $)",NY.GDP.PCAP.PP.CD,1671.357252,1745.982562,1799.882696,1841.602973,1915.346443,1945.564141,2020.605677,2135.537879,2215.351639,2213.328956,2220.328546,2264.841869,2346.084162,2511.653096,2670.415614,2725.337248,2842.024626,2885.89384,2965.306281,3148.979696,3244.587728,3464.288629,3844.154157,4129.96612,4434.564218
Burkina Faso,BFA,"GDP per capita, PPP (current international $)",NY.GDP.PCAP.PP.CD,896.4774815,947.9193747,973.9839334,1037.837994,1079.000091,1171.764323,1244.002438,1290.49951,1351.360416,1359.692249,1449.422164,1531.343382,1571.838845,1642.892131,1661.317738,1691.579354,1881.758931,2042.402953,2073.323538,2232.16282,2380.722828,2486.430931,2645.24068,2759.302055,2895.89152
Bangladesh,BGD,"GDP per capita, PPP (current international $)",NY.GDP.PCAP.PP.CD,1511.905006,1597.587406,1658.802309,1746.127258,1861.512563,2019.738396,2195.294855,2388.100252,2554.857882,2675.259459,2833.695444,3051.269833,3434.278151,3691.104311,3972.506477,4212.235781,4579.132287,4882.606926,5490.158819,6047.124015,6640.584373,7441.06914,8450.549025,9147.777507,9646.769844
Bulgaria,BGR,"GDP per capita, PPP (current international $)",NY.GDP.PCAP.PP.CD,6422.789329,6961.039968,7786.421745,8417.470733,9201.739738,10291.44588,11408.04952,12822.31305,14346.87588,14180.72807,14955.91578,15747.42016,16327.28774,16893.81669,17990.82696,18901.1717,20745.4005,22316.9752,23997.21377,26765.13821,27352.03087,30959.19712,35815.27142,37435.27634,41519.53979
Bahrain,BHR,"GDP per capita, PPP (current international $)",NY.GDP.PCAP.PP.CD,45687.52174,46161.57585,45091.48942,45426.93459,46317.02848,47268.27216,48009.49174,49347.49462,50330.32486,48625.65692,49254.57701,52677.45112,56712.56927,56310.31175,54299.05646,48034.24689,47428.90189,50184.50058,51993.13078,56599.52144,53436.0317,54954.67579,61677.65385,64171.08574,66941.24304
"Bahamas, The",BHS,"GDP per capita, PPP (current international $)",NY.GDP.PCAP.PP.CD,25421.62294,26351.07603,27171.30841,27030.89694,27659.53795,29142.90022,30401.50769,31232.13137,30678.62655,29196.61785,29624.97539,30073.67693,31035.55006,30294.47683,31726.17409,32137.57847,32285.27604,34282.17104,35227.76191,36116.0002,27204.62591,31064.68222,36791.40105,39090.12147,41197.93425
Bosnia and Herzegovina,BIH,"GDP per capita, PPP (current international $)",NY.GDP.PCAP.PP.CD,4147.038135,4307.12305,4664.685187,4917.864024,5408.161336,5955.839207,6870.506528,7686.413935,8586.778048,8693.618397,9086.748535,9761.515196,10121.15564,10808.31215,11167.86781,11848.63224,12899.10377,13626.91514,14858.28291,16428.39366,16369.9356,18286.72254,21117.28308,22512.4345,22955.76162
Belarus,BLR,"GDP per capita, PPP (current international $)",NY.GDP.PCAP.PP.CD,5795.652236,6238.098624,6697.154362,7361.721611,8482.920207,9636.891124,10994.59813,12320.02403,13886.13141,14034.19112,15339.0999,16563.20141,18114.75086,19014.05297,19037.88474,18133.53131,17832.47789,18413.74756,20025.98155,22301.59324,24872.30667,27611.18011,28429.49488,30834.17737,33010.33076
Belize,BLZ,"GDP per capita, PPP (current international $)",NY.GDP.PCAP.PP.CD,7543.734472,7851.621629,8153.663926,8849.646289,9244.911662,9466.142745,9909.680144,10225.98673,9975.081244,9727.988685,9747.825622,9721.880846,9303.378575,9525.83089,9489.912214,9538.386911,9399.035671,9120.653383,9497.234804,10499.96207,9638.895137,11716.32678,13461.20985,13729.89206,14346.5188
Bermuda,BMU,"GDP per capita, PPP (current international $)",NY.GDP.PCAP.PP.CD,54176.37775,59092.87597,58862.6908,61829.32401,64790.27392,67771.46838,73590.11607,77894.06462,77556.435,73336.98752,72188.69283,70911.54232,69149.05003,71519.63985,71988.53836,75943.4643,80412.18349,85680.97019,85978.21772,90984.45767,85146.40063,92319.67149,105142.41,114372.0499,124252.8357
Bolivia,BOL,"GDP per capita, PPP (current international $)",NY.GDP.PCAP.PP.CD,4113.042452,4204.936227,4303.835147,4432.920853,4662.970777,4937.869977,5244.160212,5536.568157,5889.943391,6024.059474,6245.338632,6597.962176,7183.826025,8068.720172,8628.942661,8757.317771,9242.027283,10420.39233,10758.40756,11005.35412,9580.989621,11202.44098,12306.72931,12892.12496,12877.63512
Brazil,BRA,"GDP per capita, PPP (current international $)",NY.GDP.PCAP.PP.CD,9091.768513,9303.645292,9616.594855,9801.962125,10525.71138,11081.24747,11750.53124,12672.50512,13445.24547,13390.68313,14451.71584,15211.79204,15198.08633,15722.33352,15827.30816,14821.43832,14309.20615,14559.04889,15463.74264,16069.83802,16101.61831,18075.706,19876.85335,21175.6187,22338.47656
Barbados,BRB,"GDP per capita, PPP (current international $)",NY.GDP.PCAP.PP.CD,15914.08476,15865.58636,16133.07929,16706.53249,17298.89226,18449.81089,20076.48513,20949.36491,21375.90077,20323.6367,20032.58186,20316.29254,19605.01692,19032.46541,18594.90018,19185.51864,19175.57019,18436.80508,19777.05932,19971.11857,16555.36221,17682.73145,22193.24871,23660.40475,24822.53433
Brunei Darussalam,BRN,"GDP per capita, PPP (current international $)",NY.GDP.PCAP.PP.CD,73086.93183,74253.88178,76838.17577,79632.17223,80403.75791,81534.17154,86114.33706,83693.32137,80476.72476,77957.14428,79542.67794,82735.39145,87256.04224,83237.14709,81225.54854,62707.82644,56679.51852,61657.68027,65148.8264,69353.67995,69787.96328,78248.79713,81801.74592,85032.60087,89879.3615
Bhutan,BTN,"GDP per capita, PPP (current international $)",NY.GDP.PCAP.PP.CD,3113.045439,3338.492469,3662.809072,3942.281446,4172.782171,4523.359706,4860.270172,5728.915695,6035.217411,6466.097449,7245.772635,7935.46761,8577.407319,8666.910636,9323.394489,10213.81396,11273.28238,11677.41427,11969.5615,12909.10098,12475.048,13458.81267,15063.81058,16215.15201,
Botswana,BWA,"GDP per capita, PPP (current international $)",NY.GDP.PCAP.PP.CD,9380.376073,9419.793907,9957.740559,10438.75803,10818.15865,11458.2271,12562.96499,13388.73791,13810.35553,11686.18466,12753.30663,13635.42677,12736.58339,13621.14947,15003.31975,14143.69407,16228.12312,15700.66505,15785.81963,15960.01561,15292.26247,17960.62544,19976.83438,21012.1032,20538.13202
Central African Republic,CAF,"GDP per capita, PPP (current international $)",NY.GDP.PCAP.PP.CD,639.836997,668.4459393,688.1804511,648.1932154,690.426514,702.4606246,743.2874802,783.3554453,797.6528062,877.2521311,936.4854974,980.185521,1062.068099,709.8534812,698.9637389,768.870888,826.0133014,883.8107349,905.8177889,984.8431837,1066.290054,1128.55238,1217.849771,1257.094357,1263.102342
Canada,CAN,"GDP per capita, PPP (current international $)",NY.GDP.PCAP.PP.CD,29362.08416,30230.84877,30963.92189,32351.5457,33927.6697,36328.37899,38119.39096,39575.47701,40376.08828,38864.0567,40098.25372,41666.83746,42291.97294,44301.05625,45758.10073,44669.45136,46470.64664,48317.38745,49982.59991,50498.97311,48590.68321,56995.11768,63578.32019,64462.92117,65463.0991
Central Europe and the Baltics,CEB,"GDP per capita, PPP (current international $)",NY.GDP.PCAP.PP.CD,10035.74122,10821.85921,11641.21505,12342.17247,13494.40579,14308.06403,15918.05062,17751.00584,19673.01164,19698.72678,20867.20781,22364.54898,23159.45839,23943.70414,25048.16931,26292.5031,27955.50234,30076.4818,32302.21302,35861.52247,36454.25308,40122.46916,44764.1095,46468.13887,49854.82572
Switzerland,CHE,"GDP per capita, PPP (current international $)",NY.GDP.PCAP.PP.CD,36695.20706,37822.92751,38704.95846,38737.30793,40176.57074,41524.84887,46275.54948,50929.4927,53808.78411,52971.37328,54432.33299,57493.58106,59440.91586,61656.46617,63417.04381,65282.58419,67350.75187,68193.50559,70688.81875,73732.23533,72997.82395,81001.41112,91326.1317,90498.5752,94115.82426
Channel Islands,CHI,"GDP per capita, PPP (current international $)",NY.GDP.PCAP.PP.CD,,,,,,,,,,,,,,,,,,,,,,,,,
Chile,CHL,"GDP per capita, PPP (current international $)",NY.GDP.PCAP.PP.CD,9375.590084,9775.553235,10133.40411,10708.82365,11612.39969,12550.4348,15510.77007,16697.51602,16375.96485,15951.33049,17917.89512,20121.68342,21366.17713,22201.06607,22553.61618,22457.88006,23256.5036,24295.22377,25305.09035,25611.75783,25350.86351,29089.85046,30820.3527,32801.37864,34637.11683
China,CHN,"GDP per capita, PPP (current international $)",NY.GDP.PCAP.PP.CD,2963.532386,3258.402107,3590.765959,4007.116046,4504.929372,5148.182739,5946.286828,6935.265806,7712.846084,8447.982815,9411.138219,10456.79168,11420.25271,12228.37361,12941.59648,13463.33315,14157.2515,15022.43719,16298.20506,17600.89076,18267.47835,20843.29783,23032.17663,25179.11931,27104.87027
Cote d'Ivoire,CIV,"GDP per capita, PPP (current international $)",NY.GDP.PCAP.PP.CD,3040.575932,2961.762873,2851.030414,2701.741685,2794.173257,2841.823088,2941.821412,2984.534722,3115.837892,3176.632424,3360.544088,3175.919224,3290.723069,3619.017909,4074.214455,4403.642966,4530.648498,4690.178019,4945.625206,5516.390551,5543.850963,6045.204805,6719.443816,7237.181707,7669.231957
Cameroon,CMR,"GDP per capita, PPP (current international $)",NY.GDP.PCAP.PP.CD,2108.49455,2190.896407,2263.055197,2368.101195,2532.647444,2597.680399,2704.437398,2817.722281,2870.441069,2878.951439,2913.942928,2988.817287,3059.642266,3238.868298,3422.261282,3497.660676,3626.99932,3767.430729,4010.763601,4241.111749,4365.447041,4793.556282,5188.977509,5410.769219,5588.986459
"Congo, Dem. Rep.",COD,"GDP per capita, PPP (current international $)",NY.GDP.PCAP.PP.CD,416.5482145,403.9831967,409.6418338,428.3324707,455.8665574,483.9100248,508.4008175,549.8276501,584.0208103,572.959249,605.7851603,643.7646791,647.8017333,760.6498799,859.3568161,910.3931316,950.0222982,990.5450514,1048.865029,1056.172067,1088.789004,1402.385603,1590.164042,1730.622289,1821.048687
"Congo, Rep.",COG,"GDP per capita, PPP (current international $)",NY.GDP.PCAP.PP.CD,3667.424873,3748.446749,3888.164023,3886.992068,3991.511247,4278.925387,4588.109249,4242.611268,4448.332617,4800.901598,5125.069913,5175.204391,6058.064494,5833.863367,5733.183936,4715.134316,4016.049085,4444.639002,5593.193706,5719.599773,4770.964498,6263.211613,6647.496817,6850.277706,7026.362233
Colombia,COL,"GDP per capita, PPP (current international $)",NY.GDP.PCAP.PP.CD,6775.930644,6934.882843,7108.823903,7420.460084,7909.346352,8432.333291,9154.089262,9909.290314,10307.06499,10367.34896,10841.12798,11707.46146,12093.07549,12779.88658,13355.36242,13332.0555,14026.83999,14400.61398,15239.40495,16181.5909,15519.21017,17383.09017,20695.74268,20944.48839,21508.78025
Comoros,COM,"GDP per capita, PPP (current international $)",NY.GDP.PCAP.PP.CD,1740.649471,1838.107144,1911.612568,1949.138161,2024.852645,2162.071956,2145.92067,2177.928168,2262.49853,2303.947829,2372.41234,2471.787247,2678.702628,2832.531215,2937.611929,2949.473422,3139.051607,3347.45653,3276.009367,3293.056017,3244.88675,3377.885185,3641.629204,3811.650849,3958.532288
Cabo Verde,CPV,"GDP per capita, PPP (current international $)",NY.GDP.PCAP.PP.CD,3124.494884,3216.646512,3388.448145,3551.463843,3968.656917,4324.202325,4758.37705,5566.769491,6010.851368,5900.660865,6038.585257,6384.228441,6318.061087,6367.280013,6416.833012,6773.4868,7350.753587,7935.761763,7916.421153,8645.756469,6852.576699,7685.419214,9481.073354,10242.1532,11195.12053
Costa Rica,CRI,"GDP per capita, PPP (current international $)",NY.GDP.PCAP.PP.CD,7879.47795,8190.074409,8460.652296,8862.994121,9365.327754,9898.929193,10799.5114,11841.90117,12471.67231,12273.8604,12927.56459,13614.2604,14463.74044,15232.07715,16393.80954,17525.14046,19201.74532,20499.34421,21498.03507,23339.60913,22099.86781,23852.9253,25924.74038,28075.14217,30062.84916
Caribbean small states,CSS,"GDP per capita, PPP (current international $)",NY.GDP.PCAP.PP.CD,11711.51219,12176.35969,12816.92005,13920.05424,14941.0003,16225.01669,18069.55119,19223.81066,19882.21537,19265.03319,19804.35631,20269.54989,20766.90027,20903.0586,21206.12584,20632.33769,19975.90213,20762.53659,21259.27952,22157.00188,20161.68596,23493.30544,28974.99655,32868.209,38624.06054
Cuba,CUB,"GDP per capita, PPP (current international $)",NY.GDP.PCAP.PP.CD,,,,,,,,,,,,,,,,,,,,,,,,,
Curacao,CUW,"GDP per capita, PPP (current international $)",NY.GDP.PCAP.PP.CD,21891.04536,23057.26136,23479.79733,23522.27489,23791.19741,24081.15121,24590.19237,25374.14299,26098.47115,25950.39504,25956.81076,26251.36282,25105.99247,24821.7963,24347.76058,24037.64858,23649.59165,24321.74681,24623.04143,25396.99662,21722.01737,24905.76845,28640.68723,30651.58855,32693.29398
Cayman Islands,CYM,"GDP per capita, PPP (current international $)",NY.GDP.PCAP.PP.CD,,,,,,,75190.66224,77337.18937,76297.4603,69254.18272,66325.45799,66629.16359,64726.53053,63648.25475,63560.51377,64009.3171,65680.07433,68017.67568,71811.8925,72697.36719,66118.65409,74160.4914,82295.58207,88427.78667,
Cyprus,CYP,"GDP per capita, PPP (current international $)",NY.GDP.PCAP.PP.CD,21291.25781,22868.67188,23556.35547,24281.11133,25945.51758,27763.20313,30015.19141,32889.08984,34830.15234,33883.72266,33505.88281,33406.11328,31923.98828,30415.9043,29892.79297,31388.61523,35246.125,37767.66016,40261.51172,44393.125,42569.10156,47632.67188,54850.9375,57326.74609,61271.82031
Czechia,CZE,"GDP per capita, PPP (current international $)",NY.GDP.PCAP.PP.CD,16328.79792,17711.33552,18344.03294,19606.58939,20990.93282,22114.83631,23919.29271,26268.56532,27937.84157,27698.81061,28156.98547,29237.1871,29465.6074,31013.00829,32743.48977,34102.17699,36445.04857,39346.03056,41638.18311,45614.01711,44839.48221,47796.03374,51709.83739,53217.21917,56686.54535
Germany,DEU,"GDP per capita, PPP (current international $)",NY.GDP.PCAP.PP.CD,27467.78242,28677.19086,29513.68233,30305.25757,31757.41773,32313.73679,34748.75433,36915.32528,38443.53863,37554.4427,39730.48979,43398.3444,44229.39419,45889.0173,47938.79682,48558.4433,51569.90168,54110.25366,56273.04056,59270.72765,58685.8727,62530.76532,68093.78831,69199.83972,72295.23537
Djibouti,DJI,"GDP per capita, PPP (current international $)",NY.GDP.PCAP.PP.CD,,,,,,,,,,,,,,3762.281961,3978.346671,4263.962889,4431.565886,4676.713361,5083.11077,5398.000368,5527.001852,5960.108074,6621.330382,7225.838796,7810.278691
Dominica,DMA,"GDP per capita, PPP (current international $)",NY.GDP.PCAP.PP.CD,7111.41311,7290.628324,7167.042719,7714.295099,8232.184609,8557.415949,9199.881764,9949.480165,10862.25827,10803.55637,10924.09532,11122.89941,10920.90851,11286.2697,12083.29263,12092.7316,12945.00296,12696.19566,15069.89724,16020.59447,14243.76231,15808.97435,18802.08199,20285.98217,21300.68487
Denmark,DNK,"GDP per capita, PPP (current international $)",NY.GDP.PCAP.PP.CD,28641.69904,29462.12329,30666.59677,30868.04561,33019.97729,34238.32181,37400.30752,39111.51903,41467.38619,40503.20463,43042.39464,44443.71638,44755.16243,46869.19329,47879.59556,48910.33244,51820.95213,55271.5976,57233.62317,60594.9664,62682.28995,69715.18097,77400.3348,73737.44754,79514.28544
Dominican Republic,DOM,"GDP per capita, PPP (current international $)",NY.GDP.PCAP.PP.CD,6639.011319,6847.573661,7157.668255,7097.557078,7374.812318,8215.032446,9130.069061,9951.131916,10345.8081,10381.62481,11245.68119,11694.66419,11776.62281,12413.91002,13464.79256,14804.09741,16282.18991,16846.20723,17994.83827,19766.76286,18998.30697,22053.45899,24625.80886,25839.93567,27541.66253
Algeria,DZA,"GDP per capita, PPP (current international $)",NY.GDP.PCAP.PP.CD,9186.815903,9543.520354,10080.1825,10802.75067,11431.68567,12246.26922,12791.34126,13320.96412,13666.2182,13651.4473,14201.36599,14639.87794,14441.32934,14370.82066,14694.14383,13807.35158,13437.84602,13493.56075,13727.12664,13892.53334,12676.51306,14496.86547,15836.09444,16824.4879,17620.7424
East Asia & Pacific (excluding high income),EAP,"GDP per capita, PPP (current international $)",NY.GDP.PCAP.PP.CD,3341.289308,3603.381284,3906.759646,4288.360787,4748.711084,5317.937307,6002.405863,6831.179762,7476.64285,8020.873475,8827.223771,9671.394502,10521.43813,11177.04533,11753.50186,12146.38125,12741.99338,13488.39325,14588.47495,15683.06289,16013.65753,17966.23221,19926.10473,21666.58625,23248.02518
Early-demographic dividend,EAR,"GDP per capita, PPP (current international $)",NY.GDP.PCAP.PP.CD,4171.739186,4275.366337,4357.061443,4591.142091,4945.688622,5322.161077,5764.233747,6186.368575,6469.072997,6555.654101,6961.230811,7376.21,7746.792316,7978.416441,8211.154837,8320.235946,8635.174949,9114.437608,9604.812218,9940.087155,9683.176291,10813.11642,12293.34526,13244.32872,13961.09297
East Asia & Pacific,EAS,"GDP per capita, PPP (current international $)",NY.GDP.PCAP.PP.CD,5816.96448,6123.087041,6501.47159,6932.060514,7523.62997,8190.884001,8991.900637,9933.219051,10562.7952,10947.03557,11884.1994,12774.04505,13656.82455,14414.51828,14992.9661,15476.87005,16050.88299,16840.93988,17964.5548,19051.27402,19381.2184,21508.49576,23692.5596,25539.52827,27212.1652
Europe & Central Asia (excluding high income),ECA,"GDP per capita, PPP (current international $)",NY.GDP.PCAP.PP.CD,5720.43786,5932.352288,6241.754714,6683.768444,7550.24205,8325.922029,9503.600475,10593.41174,11424.72063,11073.31653,12077.58001,13283.23166,14029.30882,15269.95235,15792.87955,16081.01355,16677.56724,17661.77459,18319.3957,19465.51426,19787.10767,22121.82343,25231.39244,27629.31378,29111.7536
Europe & Central Asia,ECS,"GDP per capita, PPP (current international $)",NY.GDP.PCAP.PP.CD,15902.73205,16709.58703,17503.5938,18182.00511,19308.21565,20353.00576,22546.46144,24181.7036,25832.25087,25121.90937,26201.65429,27787.7854,28538.27267,29847.1167,30608.16099,31052.99005,32464.18765,34211.11534,35920.98951,38545.95434,38031.3735,42315.38515,47156.37546,48948.31808,51720.63214
Ecuador,ECU,"GDP per capita, PPP (current international $)",NY.GDP.PCAP.PP.CD,5728.252499,5998.875086,6281.522152,6475.065973,6980.091264,7457.465536,7884.516936,8112.448245,8662.607363,8662.106727,8968.940408,9768.692011,10244.51778,11295.61278,11835.60913,10877.75075,10881.48907,11793.47974,12186.88461,12543.01482,11526.8013,13507.44456,15198.07256,15918.51629,15840.26686
"Egypt, Arab Rep.",EGY,"GDP per capita, PPP (current international $)",NY.GDP.PCAP.PP.CD,5451.51567,5650.051962,5752.697081,5928.079453,6207.124922,6554.128851,7079.028085,7640.572286,8190.709132,8465.020524,8837.7645,8988.107819,10342.43171,10511.39317,10256.43676,10903.33682,10665.66765,11124.73511,12329.24468,13363.7327,15231.86542,15579.01609,17526.8017,18524.8393,19094.14494
Euro area,EMU,"GDP per capita, PPP (current international $)",NY.GDP.PCAP.PP.CD,25148.09311,26346.01601,27384.53358,27856.58461,28955.96727,29985.34238,32467.29718,34362.97839,35655.77577,34777.33486,35748.57686,37441.347,37786.17205,39064.59887,40118.28075,41247.2236,43732.07938,45832.53142,47721.52942,51240.68717,49691.29473,54187.8842,60007.01448,61570.38814,64858.37416
Eritrea,ERI,"GDP per capita, PPP (current international $)",NY.GDP.PCAP.PP.CD,1557.875802,1683.684419,1701.695237,1620.85093,1620.764029,1674.070055,1682.238942,1727.093442,1546.927475,1576.742846,1599.191061,1742.32363,,,,,,,,,,,,,
Spain,ESP,"GDP per capita, PPP (current international $)",NY.GDP.PCAP.PP.CD,21577.59731,22954.82049,24377.84171,25060.51538,26163.30462,27629.7077,30755.29879,32537.34354,33349.94258,32201.47735,31808.21799,32015.5752,31869.78398,32613.68918,33760.95556,35238.06914,37612.71887,39825.24981,41015.15658,44042.75758,39327.84793,44251.66582,50468.09669,53224.8382,56877.6411
Estonia,EST,"GDP per capita, PPP (current international $)",NY.GDP.PCAP.PP.CD,9422.497065,10309.99788,11666.66496,13136.71851,14539.97108,16638.07797,19348.38686,22201.35438,22803.51947,20478.25248,21616.71224,24652.36103,26242.52827,27831.15262,29403.65845,29720.59112,31947.77691,34506.64869,37120.98798,40586.37844,40672.13404,44251.5375,47802.00731,46790.27002,49321.045
Ethiopia,ETH,"GDP per capita, PPP (current international $)",NY.GDP.PCAP.PP.CD,473.9033135,509.1193018,509.1263141,492.8407554,557.8256348,624.5106924,692.8669077,770.2611552,844.98838,899.1409018,995.6539786,1098.115157,1178.974746,1252.868964,1484.631456,1632.61818,1857.549465,2004.747556,2095.317578,2242.444883,2406.789385,2588.413102,2844.922745,3060.90503,3287.534922
European Union,EUU,"GDP per capita, PPP (current international $)",NY.GDP.PCAP.PP.CD,22106.72557,23211.90567,24228.05068,24757.57974,25920.15912,26893.74251,29226.86373,31140.10625,32596.62072,31949.64418,33014.10653,34682.13098,35128.26438,36309.54294,37383.90627,38578.79098,40920.60845,43050.29638,45021.80779,48583.537,47566.49418,51969.96475,57583.73327,59071.97982,62455.21822
Fragile and conflict affected situations,FCS,"GDP per capita, PPP (current international $)",NY.GDP.PCAP.PP.CD,2915.960979,3042.53204,3085.186687,3036.758509,3453.441104,3700.409599,3975.69094,4252.370779,4448.719038,4416.583961,4603.952528,4652.682693,4869.807338,5093.912399,5141.214324,4942.52579,4985.126803,5261.517633,5415.629866,5650.708825,5457.880468,5760.781911,5994.677531,6234.090526,6394.565913
Finland,FIN,"GDP per capita, PPP (current international $)",NY.GDP.PCAP.PP.CD,26777.11434,27801.02483,28596.26063,29046.40923,31199.29145,32047.70693,34447.7143,37844.29316,40081.22125,37968.66174,38950.55259,40845.95667,40739.11318,41325.80521,41547.09845,42269.22122,44562.40111,47234.85286,49248.67754,52276.11157,53296.57928,56790.37662,61347.15785,61612.94239,64288.55401
Fiji,FJI,"GDP per capita, PPP (current international $)",NY.GDP.PCAP.PP.CD,5520.707563,5699.043228,5913.968751,6033.120303,6463.42457,6651.785592,6921.297628,6989.723092,7153.619145,7067.934821,7339.476852,7671.881038,8204.465655,8842.151739,10516.25971,11519.30122,11765.53799,12585.27772,12984.20727,12978.09904,10716.29144,10322.42796,12982.29145,14644.17738,15450.29933
France,FRA,"GDP per capita, PPP (current international $)",NY.GDP.PCAP.PP.CD,26001.8797,27349.74459,28350.09856,28027.67621,28925.12687,30431.23672,32430.44431,34067.46615,35053.26271,34666.95989,35911.54386,37510.37599,37671.02393,39583.35204,40218.12586,40916.10536,42880.23514,44469.14589,46381.05906,51130.47231,49481.80443,52517.33549,56082.59084,58245.49911,61290.42383
Faroe Islands,FRO,"GDP per capita, PPP (current international $)",NY.GDP.PCAP.PP.CD,,,,,,,,,41160.10851,39330.59645,39766.5911,42133.21515,46196.84282,49780.8416,53198.41385,53684.36717,54318.30393,56416.23195,58933.13148,62223.44305,61650.85123,68426.79432,75265.65854,79694.92979,81908.77818
"Micronesia, Fed. Sts.",FSM,"GDP per capita, PPP (current international $)",NY.GDP.PCAP.PP.CD,2346.919053,2436.463173,2483.458252,2580.872517,2573.973016,2728.618002,2824.48254,2873.029771,2877.450971,2953.544617,3063.037519,3239.759283,3238.404861,3165.656857,3129.546941,3288.921607,3340.446393,3461.364608,3526.872878,3718.792084,3683.989815,3946.416081,4086.979801,4233.744926,4346.842497
Gabon,GAB,"GDP per capita, PPP (current international $)",NY.GDP.PCAP.PP.CD,13326.11695,13555.62854,13369.12334,13564.18041,13637.6668,14028.35621,13637.25902,14391.24659,13733.70129,13383.56623,14014.69055,14784.34836,14619.71814,14497.99212,14853.67125,14306.43408,13997.73528,14796.62864,15432.04305,15949.63737,14477.13083,18523.5798,19992.55706,20755.66538,21510.17253
United Kingdom,GBR,"GDP per capita, PPP (current international $)",NY.GDP.PCAP.PP.CD,26529.85217,27915.53044,29089.05368,30317.52431,32055.47176,32726.13319,34734.81602,35523.31159,36744.79136,35023.33231,36487.67185,37224.37876,38336.59618,39947.53696,41266.81978,42526.70036,44085.20256,46113.02117,47212.20452,50064.96056,48230.0477,51004.42717,58544.46954,57915.494,60620.38077
Georgia,GEO,"GDP per capita, PPP (current international $)",NY.GDP.PCAP.PP.CD,3161.195825,3440.728179,3718.686933,4239.938414,4634.777576,5271.950953,5980.443905,6951.085843,7278.663122,7119.142791,7711.806839,8563.835549,10059.98206,10797.34233,11770.69894,12269.65289,13065.29416,13718.93787,15021.90576,16770.13338,16791.25987,18915.6534,22461.33264,25071.96773,28285.07328
Ghana,GHA,"GDP per capita, PPP (current international $)",NY.GDP.PCAP.PP.CD,2315.17803,2397.30067,2475.096354,2584.477237,2729.344502,2903.83429,3103.226258,3241.220811,3515.589235,3617.239444,3855.468917,4381.125355,4933.652543,5214.569358,5517.131788,5191.370534,5011.079316,5170.960949,5536.497954,6002.550447,6047.301117,6607.502974,7208.15799,7556.416055,8019.997024
Gibraltar,GIB,"GDP per capita, PPP (current international $)",NY.GDP.PCAP.PP.CD,,,,,,,,,,,,,,,,,,,,,,,,,
Guinea,GIN,"GDP per capita, PPP (current international $)",NY.GDP.PCAP.PP.CD,1195.806115,1250.970597,1315.366694,1327.967765,1366.031602,1422.350882,1452.960832,1557.585849,1613.698845,1566.700892,1621.691611,1705.271104,1789.97473,1842.002277,1873.214131,1929.680913,2255.32618,2687.095048,2844.464277,3105.82789,3331.85663,3738.805126,4062.361364,4333.746173,4565.300789
"Gambia, The",GMB,"GDP per capita, PPP (current international $)",NY.GDP.PCAP.PP.CD,1731.338476,1822.979651,1743.694325,1849.78337,1978.632627,1938.023627,1930.818885,1985.040252,2088.271661,2177.053447,2266.828982,2064.253853,2064.814381,2006.740816,1933.703297,1990.316258,2012.676482,2038.954299,2277.442362,2421.723181,2530.804149,2777.79621,3067.310404,3289.132831,3475.612457
Guinea-Bissau,GNB,"GDP per capita, PPP (current international $)",NY.GDP.PCAP.PP.CD,1013.973492,1063.572283,1095.223058,1088.742657,1105.343228,1186.626314,1225.918246,1259.605607,1308.535567,1314.970787,1369.689171,1471.762799,1401.84994,1415.825119,1455.908137,1729.942603,1824.373098,2081.812872,2057.969691,2247.313037,2339.79327,2522.767643,2788.837739,2989.67236,3119.37157
Equatorial Guinea,GNQ,"GDP per capita, PPP (current international $)",NY.GDP.PCAP.PP.CD,7420.393101,11626.72312,13254.82362,14496.17441,19354.21208,22137.04978,23511.39866,26610.76912,30522.77871,29722.00056,26167.82685,27241.60004,30011.92744,27909.51759,27177.27167,19478.70101,16649.47577,18434.77086,18413.12942,16451.36415,13677.11059,16821.44865,18139.98933,17411.50023,17566.76003
Greece,GRC,"GDP per capita, PPP (current international $)",NY.GDP.PCAP.PP.CD,18815.83579,20306.08784,21985.23454,23255.5642,24828.89794,25003.82975,28082.12488,28896.92107,30440.97091,29947.78681,27841.85914,25692.57409,24582.9742,25730.8809,26450.18133,26614.84838,27504.5498,28681.68156,29792.05925,31927.37922,29533.08774,33531.15511,38969.02217,41175.01501,44005.12893
Grenada,GRD,"GDP per capita, PPP (current international $)",NY.GDP.PCAP.PP.CD,7305.724562,7282.70842,7620.673877,8469.087527,8605.823985,10016.34797,9876.616696,10727.67921,11000.75236,10303.34326,10344.38392,10591.74756,10575.10563,11199.40402,12228.64811,13214.40966,13977.50559,15041.45257,15974.85919,16446.11389,14361.12672,15290.2509,17543.98156,18970.74016,20177.80949
Greenland,GRL,"GDP per capita, PPP (current international $)",NY.GDP.PCAP.PP.CD,29616.15974,30561.79983,30618.00279,32516.04137,35604.33906,38527.08503,42039.79379,44366.43152,48203.12306,48924.76408,50190.88179,50653.05859,52389.32535,52893.65036,56555.06907,55815.65029,58908.59077,60010.09829,61806.82713,64264.05646,64999.44357,69302.00888,75720.42982,78840.59784,
Guatemala,GTM,"GDP per capita, PPP (current international $)",NY.GDP.PCAP.PP.CD,4714.966662,4821.545985,4969.257449,5081.380056,5263.446549,5486.27777,5833.386918,6238.339769,6434.507037,6376.741063,6510.099809,6784.44713,7258.316675,7699.945412,8236.659299,8934.002612,9201.42836,9560.177835,9946.802522,10755.8801,10947.37113,11825.14127,13014.01538,13745.36312,14368.66057
Guam,GUM,"GDP per capita, PPP (current international $)",NY.GDP.PCAP.PP.CD,,,,,,,,,,,,,,,,,,,,,,,,,
Guyana,GUY,"GDP per capita, PPP (current international $)",NY.GDP.PCAP.PP.CD,5859.917919,6131.29683,6303.903722,6392.333158,6672.822994,6761.117984,7345.940282,8110.029999,8436.514384,8824.489602,9336.598302,10066.07298,10626.82567,11199.88747,11145.02912,11408.4739,11516.37983,12243.2226,12442.50872,13240.97138,16819.42287,22865.9271,39710.96956,54729.03652,80155.03939
High income,HIC,"GDP per capita, PPP (current international $)",NY.GDP.PCAP.PP.CD,25055.7497,25964.23182,26896.52464,27948.39694,29615.65354,31231.70545,33584.34683,35408.36857,36732.94888,35760.65649,37235.84744,38983.43703,40134.82468,41554.24298,42613.03941,43123.45337,44292.22759,46230.59056,48504.23089,50890.44299,49883.04578,55480.52729,61070.33571,63460.3824,66462.64684
"Hong Kong SAR, China",HKG,"GDP per capita, PPP (current international $)",NY.GDP.PCAP.PP.CD,28224.50902,28808.80792,29609.76669,31178.68301,34532.24916,38079.57268,41745.50162,45257.65161,46830.23848,45861.47752,49197.64693,52277.46644,52149.68127,53517.41955,54514.92681,56043.0427,56761.48241,59260.91318,60900.27529,61221.41954,58187.47641,65884.93763,68602.12579,71512.31936,75195.9866
Honduras,HND,"GDP per capita, PPP (current international $)",NY.GDP.PCAP.PP.CD,2587.422539,2645.254776,2714.56632,2820.714044,3001.296713,3203.95919,3437.622963,3664.088285,3806.347064,3655.797014,3757.546421,3900.711362,4016.346091,4137.326824,4460.057428,4845.595665,5186.158974,5620.654552,5633.383238,5784.930811,5384.69832,6202.980788,6805.493583,7178.339068,7486.018696
Heavily indebted poor countries (HIPC),HPC,"GDP per capita, PPP (current international $)",NY.GDP.PCAP.PP.CD,1332.576056,1377.296791,1413.98011,1461.152875,1542.639173,1633.351451,1731.049979,1825.684517,1912.016841,1936.581949,2025.116902,2099.895288,2107.541356,2201.323872,2350.00965,2407.822531,2502.772784,2589.600126,2694.07641,2819.512036,2816.029474,3035.06077,3310.581126,3449.708579,3611.762588
Croatia,HRV,"GDP per capita, PPP (current international $)",NY.GDP.PCAP.PP.CD,10672.256,11654.21353,12774.66952,13693.28851,14688.10291,15450.83721,17632.49974,19568.25264,21017.98033,20347.70826,20141.51821,21190.7925,21618.76716,22429.93988,22706.23699,23756.01349,25802.11126,27887.44091,29788.56964,33063.24373,31594.03316,36930.21902,41958.27423,46267.65411,48816.948
Haiti,HTI,"GDP per capita, PPP (current international $)",NY.GDP.PCAP.PP.CD,2228.501336,2229.843967,2247.978966,2330.918739,2322.197868,2427.448086,2503.659327,2647.495386,2724.459228,2855.159714,2694.911041,2858.19646,2830.190806,3042.497069,3075.738438,3025.834617,3253.471786,3339.388847,3196.973864,3236.974925,3103.180663,3145.006811,3275.407181,3291.738179,3193.671364
Hungary,HUN,"GDP per capita, PPP (current international $)",NY.GDP.PCAP.PP.CD,11869.13159,13224.13655,14532.30752,15461.93247,16252.83064,17091.27613,18365.91718,19089.99027,20708.76151,20680.67243,21693.40207,22992.21847,23205.31067,24591.63805,25796.2101,26944.95977,28178.94504,29728.01216,32258.25779,35627.23155,35583.58557,38887.19095,44012.26773,45367.59835,47637.13599
IBRD only,IBD,"GDP per capita, PPP (current international $)",NY.GDP.PCAP.PP.CD,4503.801485,4723.574904,4955.415934,5291.060595,5797.056258,6346.354605,7085.562874,7836.141971,8453.811217,8686.574324,9370.886798,10087.66533,10711.62654,11221.907,11574.86321,11696.99004,12150.51271,12816.65873,13717.03822,14534.92136,14582.30793,16457.40271,18303.90886,19805.45654,21078.25913
IDA & IBRD total,IBT,"GDP per capita, PPP (current international $)",NY.GDP.PCAP.PP.CD,3912.530915,4094.15485,4287.864766,4561.675881,4978.697546,5429.302572,6024.40922,6623.98714,7111.38988,7297.37062,7835.870188,8393.47179,8874.520776,9286.750167,9585.134884,9682.595296,10026.99765,10550.93592,11229.95773,11860.39889,11867.40507,13279.41011,14706.21325,15814.54752,16755.10487
IDA total,IDA,"GDP per capita, PPP (current international $)",NY.GDP.PCAP.PP.CD,1839.675147,1914.734206,2006.473457,2101.06913,2252.491255,2412.956518,2579.310322,2742.507301,2870.270249,2966.362822,3112.434427,3245.479382,3356.232437,3530.451523,3728.387296,3818.710983,3917.101472,4111.127342,4252.997298,4462.592386,4471.4103,4760.442119,5219.703455,5459.151497,5710.144629
IDA blend,IDB,"GDP per capita, PPP (current international $)",NY.GDP.PCAP.PP.CD,2761.482257,2863.095264,3024.848975,3152.684313,3396.356064,3625.840978,3856.699238,4068.726588,4211.123268,4372.865577,4561.674598,4735.681824,4882.99439,5114.30069,5374.465417,5466.862338,5487.197114,5794.370261,5808.87283,6061.370991,6011.884819,6358.441348,6994.242773,7301.412874,7631.622852
Indonesia,IDN,"GDP per capita, PPP (current international $)",NY.GDP.PCAP.PP.CD,4639.039426,4848.555801,5076.164382,5352.507504,5700.049495,6134.16673,6583.351124,7096.387689,7569.253047,7868.148183,8353.456847,8936.992155,9530.290711,9866.016993,10064.67713,10027.5373,10262.59517,10687.64092,11372.0972,11986.47015,11729.36745,12757.07464,14284.92929,15415.70793,16448.27552
IDA only,IDX,"GDP per capita, PPP (current international $)",NY.GDP.PCAP.PP.CD,1347.315181,1406.622598,1459.98753,1536.44471,1636.855035,1759.075879,1889.848786,2024.894008,2142.47918,2200.278367,2320.496054,2429.495475,2519.697553,2661.992991,2826.55856,2917.541074,3063.834867,3198.153688,3414.263451,3604.334161,3648.260686,3909.490791,4276.64654,4484.057305,4697.561422
Isle of Man,IMN,"GDP per capita, PPP (current international $)",NY.GDP.PCAP.PP.CD,,,,,,,,,,,,,,,,,,,,,,,,,
India,IND,"GDP per capita, PPP (current international $)",NY.GDP.PCAP.PP.CD,2090.858069,2199.539104,2277.069748,2461.482516,2681.861168,2936.80322,3220.626929,3508.061832,3633.367832,3886.581977,4206.45986,4454.701532,4819.642882,5014.350566,5191.591499,5425.035991,5800.481494,6144.717144,6714.966399,7150.924235,6966.275428,8050.018575,9207.12743,10323.49987,11159.98565
Not classified,INX,"GDP per capita, PPP (current international $)",NY.GDP.PCAP.PP.CD,,,,,,,,,,,,,,,,,,,,,,,,,
Ireland,IRL,"GDP per capita, PPP (current international $)",NY.GDP.PCAP.PP.CD,30209.46562,32576.92457,35222.02872,36285.1087,38734.44394,40466.23435,44232.10175,46784.08613,44169.09434,41469.8379,43216.98473,45525.71812,46726.21577,48838.77198,52640.78439,71607.45683,73012.81987,80450.35293,86299.34202,92022.5988,97799.92257,116903.6124,136104.4453,124808.3365,130797.4897
"Iran, Islamic Rep.",IRN,"GDP per capita, PPP (current international $)",NY.GDP.PCAP.PP.CD,11186.89992,11532.99876,12554.33077,13754.90651,14425.417,15016.26761,15906.85814,17383.71566,17548.67378,17614.67187,18627.8152,19275.43769,17021.37168,16215.2119,16065.15819,14273.54991,15194.78558,15719.4167,15324.06746,13927.51281,15119.30589,15884.42768,17545.62466,18917.09147,19873.88609
Iraq,IRQ,"GDP per capita, PPP (current international $)",NY.GDP.PCAP.PP.CD,10627.94007,10719.61942,9682.376195,6068.451618,9289.742246,9457.044543,10223.10653,10783.12364,11657.31687,11687.01421,12186.19296,12912.02998,14402.03409,14668.54328,13168.24559,9334.466049,9079.135318,10191.6617,12034.40112,12248.59174,10573.93048,12731.75358,14391.12923,14652.52124,14464.31869
Iceland,ISL,"GDP per capita, PPP (current international $)",NY.GDP.PCAP.PP.CD,29782.87381,31885.45107,32607.10588,32701.04895,35617.2136,37322.73993,39700.08171,41472.84494,43728.11406,41862.95993,39768.41696,40936.86783,42004.44761,44409.66895,45996.96875,49214.26486,53480.39719,55638.49206,57197.76762,60523.81794,55796.74547,61610.21327,73426.22778,78194.55586,81924.41147
Israel,ISR,"GDP per capita, PPP (current international $)",NY.GDP.PCAP.PP.CD,25783.17346,25813.2365,26101.32878,24678.39616,26071.0504,25700.98626,26365.57849,28265.87633,28083.83661,28097.19294,29455.82181,31313.9335,32483.74219,34827.36474,34816.24225,35868.97364,38189.16103,39470.86813,40189.991,41325.17837,40955.28562,46162.08227,53564.22789,53401.17823,55690.7391
Italy,ITA,"GDP per capita, PPP (current international $)",NY.GDP.PCAP.PP.CD,27146.32118,28137.05586,28833.02179,29252.90025,29584.80265,30137.81804,32460.55099,34108.77231,35422.34244,34483.7311,34977.99423,36392.28278,36281.10142,36459.29502,36665.68577,37394.4535,40482.563,42142.34354,43386.70059,46661.91052,44435.64344,49825.39341,56247.41559,57902.49613,60881.37264
Jamaica,JAM,"GDP per capita, PPP (current international $)",NY.GDP.PCAP.PP.CD,6816.410295,7019.017555,7225.942286,7592.609105,7853.864243,8127.37945,8576.53154,8892.782607,8951.506009,8579.589799,8521.288764,8809.361001,8830.650795,9101.414967,9209.585866,9476.149295,9948.041468,10466.48768,10752.74067,10845.01136,9764.352588,10430.69098,11887.77037,12650.9053,12890.26601
Jordan,JOR,"GDP per capita, PPP (current international $)",NY.GDP.PCAP.PP.CD,5640.657282,5948.012179,6256.496439,6499.978878,7073.845816,7696.945017,8045.640562,8415.71166,8983.213324,9290.808554,9416.643868,9631.928993,9738.537469,9816.598557,9144.677932,8967.079958,8747.878609,9265.515367,9042.397819,9429.072796,9579.200813,9182.496161,9927.2341,10411.84162,10821.49098
Japan,JPN,"GDP per capita, PPP (current international $)",NY.GDP.PCAP.PP.CD,27287.27019,27942.34665,28623.58845,29392.24899,30830.65845,32169.86749,33634.63171,35015.98657,35273.79115,33547.28342,35335.37351,36214.43977,37605.97426,39402.0251,39555.41201,40906.59457,40596.96866,41444.21574,42141.9353,42678.15114,42425.69468,44355.34872,47395.83916,49896.64369,51685.03875
Kazakhstan,KAZ,"GDP per capita, PPP (current international $)",NY.GDP.PCAP.PP.CD,7418.196121,8568.087195,9504.450825,10532.4467,11777.11196,13226.1467,14965.77232,16581.22405,17278.47217,17389.01458,18641.80615,20159.93294,21367.21806,23754.1342,23958.11289,22484.36514,23023.08723,23973.06023,25096.12859,28689.27108,29039.82296,32945.85157,35895.08399,38515.1836,40890.93177
Kenya,KEN,"GDP per capita, PPP (current international $)",NY.GDP.PCAP.PP.CD,1906.897941,1961.058169,1940.403033,1974.858202,2066.315406,2188.69561,2330.130289,2481.087061,2459.121745,2480.044291,2634.892713,2750.286638,2847.270683,3106.393945,3359.489507,3678.326141,3916.653157,4177.249936,4411.561041,4687.377823,4792.573158,5338.852434,5883.22304,6317.039047,6644.130932
Kyrgyz Republic,KGZ,"GDP per capita, PPP (current international $)",NY.GDP.PCAP.PP.CD,1861.865597,1986.161358,1998.237881,2158.196674,2343.43044,2385.594465,2508.388448,2769.895085,3031.494071,3096.938141,3075.615543,3278.351022,3588.679888,4000.962958,4228.195148,4153.376699,4603.759642,4953.717551,4777.941754,5304.227583,5178.561967,5736.478834,6577.512177,7298.086126,8012.454644
Cambodia,KHM,"GDP per capita, PPP (current international $)",NY.GDP.PCAP.PP.CD,1255.640378,1357.426111,1442.464814,1597.882264,1769.76235,2038.145986,2296.768579,2566.147597,2768.792376,2854.032884,2988.504014,3223.102094,3583.482297,3890.948412,4117.788683,4433.643935,4748.124285,5050.063566,5616.98087,6153.994395,5942.453804,6225.532655,6918.816269,7430.730857,7966.873524
Kiribati,KIR,"GDP per capita, PPP (current international $)",NY.GDP.PCAP.PP.CD,1637.936014,1591.23663,1605.075333,1578.287909,1578.838691,1616.579921,1727.770525,1792.046512,1735.431898,1718.491714,1724.467102,1785.572083,1896.324899,2049.333903,2084.131054,2310.603129,2462.832604,2562.065618,2671.762728,2762.937969,2710.906228,3020.493999,3329.344345,3485.558083,3702.325947
St. Kitts and Nevis,KNA,"GDP per capita, PPP (current international $)",NY.GDP.PCAP.PP.CD,15256.43059,16235.42466,16619.16551,16225.67441,17275.86399,19500.32366,20676.18808,21301.24003,24102.19938,23384.7351,23691.44779,24550.16519,23457.89389,24624.43623,26755.59698,26877.4665,28214.70993,29578.63116,30794.89865,32482.09442,27326.03606,26896.61771,31870.88138,33979.63036,34846.60353
"Korea, Rep.",KOR,"GDP per capita, PPP (current international $)",NY.GDP.PCAP.PP.CD,19224.42329,20441.45279,22173.48817,22907.16674,24675.28213,26179.34213,27955.29741,30262.04862,31211.05935,30731.40937,33100.74481,33944.25119,35061.55319,35844.22538,37032.17242,39799.55057,41672.62783,43155.91009,45511.08035,46511.2197,47881.49213,51718.25187,55070.83921,56227.42397,58894.99757
Kuwait,KWT,"GDP per capita, PPP (current international $)",NY.GDP.PCAP.PP.CD,58702.86727,58552.78386,59713.17217,69752.38411,77226.63676,84968.01976,89075.22452,91434.90438,90337.35679,80110.06981,75184.08659,79036.78574,82089.72613,76812.53873,68336.59915,45267.30853,41862.17393,46565.54995,51370.73206,50703.00013,41461.72356,50651.95753,55043.00226,53025.47109,52443.59692
Latin America & Caribbean (excluding high income),LAC,"GDP per capita, PPP (current international $)",NY.GDP.PCAP.PP.CD,8613.982774,8709.577738,8795.83744,9078.103744,9685.734329,10270.43564,11083.21132,11840.96821,12477.60555,12268.63757,13095.90828,13969.41891,14244.84849,14709.92403,15005.77997,14759.6645,14975.91608,15582.83434,16248.34642,16606.52857,15959.7862,17874.27494,19983.49465,20991.45524,21785.00444
Lao PDR,LAO,"GDP per capita, PPP (current international $)",NY.GDP.PCAP.PP.CD,1793.885826,1908.062366,2019.697748,2151.150996,2315.433795,2519.461351,2776.697523,3021.441731,3270.55751,3485.068277,3772.266052,4099.784573,4780.94733,5221.598558,5798.504367,6086.067304,6743.01054,7141.906527,7486.864527,7743.219065,7913.386607,8080.435532,8766.440626,9291.78859,9775.828174
Lebanon,LBN,"GDP per capita, PPP (current international $)",NY.GDP.PCAP.PP.CD,7937.95653,8289.38389,8586.240407,8914.482779,9609.012826,10019.99415,10312.35333,11355.66298,12415.94001,13586.14448,14703.61532,14974.55344,16121.33524,16315.61377,16139.865,17045.89829,18940.5901,20963.82495,21985.48847,21710.46488,16259.70513,11599.77551,12292.84073,12574.83291,
Liberia,LBR,"GDP per capita, PPP (current international $)",NY.GDP.PCAP.PP.CD,965.3955233,986.5727987,1012.918913,715.8182468,745.3978618,774.0325678,815.218917,872.5846459,915.0535997,939.4962902,980.1181398,1040.761414,1156.953194,1360.129104,1418.773555,1340.432797,1490.335814,1664.944813,1799.727514,1899.52201,1659.521091,1539.208923,1691.572757,1794.533409,1871.044062
Libya,LBY,"GDP per capita, PPP (current international $)",NY.GDP.PCAP.PP.CD,20616.98487,20331.63152,20060.63969,22662.72421,23813.40115,26902.89859,28935.66158,30928.94228,30812.28373,29027.14681,30234.09187,15698.05191,26826.07298,21151.00519,17509.52851,17903.25654,16961.01771,18026.01878,18879.31513,16194.10821,10954.79905,12641.50977,12266.38968,13847.07922,14303.80877
St. Lucia,LCA,"GDP per capita, PPP (current international $)",NY.GDP.PCAP.PP.CD,9313.732797,9105.82559,9205.184163,9707.068189,10610.29669,10818.31043,11758.31947,12199.25812,12968.54573,12600.2079,12717.7866,13471.26664,13443.42625,14009.98446,14403.08327,14353.22248,15306.72581,16130.97211,17433.30103,18709.91107,14912.15958,19101.1653,24599.3733,25974.50929,27567.32808
Latin America & Caribbean,LCN,"GDP per capita, PPP (current international $)",NY.GDP.PCAP.PP.CD,8832.254986,8970.765629,8999.810768,9230.143677,9937.151615,10581.04075,11496.54614,12311.54733,12934.75466,12694.18278,13473.94397,14372.43932,14689.69112,15176.4622,15495.80297,15286.25921,15549.13198,16199.1119,16898.44258,17323.09668,16660.46222,18694.14077,20875.45854,21979.86668,22880.87473
Least developed countries: UN classification,LDC,"GDP per capita, PPP (current international $)",NY.GDP.PCAP.PP.CD,1272.901787,1336.563244,1396.291913,1465.900153,1567.338807,1696.372296,1828.078557,1970.608609,2090.537546,2146.690629,2258.441052,2340.030045,2409.459077,2538.164422,2701.037435,2764.441068,2891.584809,3018.918668,3241.558285,3440.053791,3495.21094,3724.952623,4096.338283,4286.720708,4463.995642
Low income,LIC,"GDP per capita, PPP (current international $)",NY.GDP.PCAP.PP.CD,1094.644327,1140.287923,1187.526652,1246.321894,1313.877664,1397.001838,1475.41913,1557.734231,1621.359033,1631.584466,1709.76743,1702.586831,1596.113855,1664.482412,1771.240303,1821.64037,1885.798248,1903.987243,1968.112972,2019.665389,1988.607981,2114.520909,2276.195183,2289.516206,2353.048784
Liechtenstein,LIE,"GDP per capita, PPP (current international $)",NY.GDP.PCAP.PP.CD,,,,,,,,,,,,,,,,,,,,,,,,,
Sri Lanka,LKA,"GDP per capita, PPP (current international $)",NY.GDP.PCAP.PP.CD,4367.80359,4328.191411,4522.327696,4849.860235,5215.880244,5678.746478,6260.679902,6820.3931,7316.586265,7575.579887,8233.626638,9075.545496,10249.16706,11252.63115,11720.59781,12227.17148,13078.56051,13610.47231,14178.02254,14112.9525,12940.90433,14316.13522,14193.65462,14455.65444,15632.59248
Lower middle income,LMC,"GDP per capita, PPP (current international $)",NY.GDP.PCAP.PP.CD,2405.78007,2518.992101,2623.297281,2789.045314,3014.670178,3263.647774,3541.145511,3821.714762,3998.301705,4200.137626,4471.780876,4704.794796,5060.205984,5286.292675,5490.243245,5688.700712,5948.510399,6294.501676,6736.046331,7158.470923,7111.842796,7837.433348,8826.071592,9599.872948,10225.44229
Low & middle income,LMY,"GDP per capita, PPP (current international $)",NY.GDP.PCAP.PP.CD,3711.42446,3880.329924,4066.921754,4324.034233,4712.758874,5130.916391,5643.4059,6202.007229,6601.64043,6829.05663,7359.88841,7868.32401,8328.083631,8715.063686,9016.542237,9150.58512,9491.346871,9973.334803,10596.60844,11166.2027,11167.79985,12435.86669,13825.34628,14893.01574,15770.81777
Lesotho,LSO,"GDP per capita, PPP (current international $)",NY.GDP.PCAP.PP.CD,1272.924434,1350.005297,1385.182221,1484.095844,1560.748775,1680.873641,1813.444407,1932.426662,2064.423112,2036.263086,2152.915283,2278.501428,2291.495653,2538.263103,2771.244969,3034.646929,2942.181537,2618.818208,2632.287752,2568.341144,2559.097761,2544.782496,2761.31105,2880.966296,3001.16312
Late-demographic dividend,LTE,"GDP per capita, PPP (current international $)",NY.GDP.PCAP.PP.CD,4836.84421,5163.258271,5541.77883,6029.645777,6657.1429,7376.337251,8396.783981,9440.100741,10390.51726,10783.20358,11733.09244,12813.50078,13706.01816,14493.07161,15043.06587,15138.42513,15661.49604,16564.3649,17904.93633,19217.80926,19505.71959,22189.59445,24486.23228,26394.40175,28257.50166
Lithuania,LTU,"GDP per capita, PPP (current international $)",NY.GDP.PCAP.PP.CD,8465.943296,9456.873281,10497.26662,12085.95668,13097.43757,14514.78329,16446.9778,19113.98614,20735.70798,18167.6379,19827.94868,22701.55461,24566.8987,26563.3749,28005.79241,28853.99786,30772.67284,33591.55541,36491.93852,40563.83049,41262.72769,45873.52732,50498.3824,50914.86381,54409.76284
Luxembourg,LUX,"GDP per capita, PPP (current international $)",NY.GDP.PCAP.PP.CD,55124.29225,56141.77517,58575.67927,60199.8508,64694.43342,68787.85475,78878.02752,85129.18882,90970.7212,86873.25624,90346.06883,94475.03023,96636.42664,100925.012,105296.2846,107888.5784,113365.1761,114985.8422,116638.4142,121371.7399,122066.7391,136772.4438,143381.8975,142424.7299,150929.3642
Latvia,LVA,"GDP per capita, PPP (current international $)",NY.GDP.PCAP.PP.CD,7840.881479,8861.653457,9756.298008,10565.73351,11761.31415,13343.88945,15024.63615,17281.04226,18634.73096,16559.52278,17343.46587,18618.70154,20494.04648,21850.12664,22973.69328,24137.87644,25802.15558,27645.82262,29817.80473,32199.09604,32741.42077,36912.01306,39960.84434,41670.95132,43780.38302
"Macao SAR, China",MAC,"GDP per capita, PPP (current international $)",NY.GDP.PCAP.PP.CD,34686.94872,36214.85133,39641.48183,44601.81823,56585.30018,60569.45664,67194.51175,75672.64062,76827.01931,79138.8048,99835.08464,121085.6793,133111.6166,149859.1805,145187.0808,108656.7639,107653.1773,120774.9631,129457.9986,126029.6224,57077.53257,73374.44868,64193.5294,116328.5406,126959.9171
St. Martin (French part),MAF,"GDP per capita, PPP (current international $)",NY.GDP.PCAP.PP.CD,,,,,,,,,,,,,,,,,,,,,,,,,
Morocco,MAR,"GDP per capita, PPP (current international $)",NY.GDP.PCAP.PP.CD,3930.223145,4268.869629,4436.428711,4741.061523,5024.694336,5274.741699,5780.618164,6057.935547,6437.063477,6628.57666,6848.66748,7274.147461,7307.612305,7542.098633,7237.277344,7799.092285,7853.17627,8115.120605,7801.098633,8046.229004,7704.849121,8623.265625,9310.032227,9894.650391,10415.12402
Monaco,MCO,"GDP per capita, PPP (current international $)",NY.GDP.PCAP.PP.CD,,,,,,,,,,,,,,,,,,,,,,,,,
Moldova,MDA,"GDP per capita, PPP (current international $)",NY.GDP.PCAP.PP.CD,3044.670506,3310.528826,3632.610918,3959.95151,4378.174758,4865.934564,5271.389704,5589.568508,6153.351521,5827.178889,6323.062879,6832.941565,7254.66249,8232.523805,8643.064314,9197.618382,10325.84049,11252.11355,11868.19555,13413.22329,13527.44131,15682.07033,16452.96212,17746.94055,18614.98807
Madagascar,MDG,"GDP per capita, PPP (current international $)",NY.GDP.PCAP.PP.CD,1235.787339,1298.563789,1121.087496,1218.835632,1279.546111,1342.519299,1416.404659,1493.37545,1577.338389,1479.8298,1463.876468,1475.170552,1463.617569,1473.403981,1498.839769,1496.611724,1561.519624,1546.880019,1546.595635,1612.297727,1490.323128,1577.432461,1716.978849,1808.44779,1883.537431
Maldives,MDV,"GDP per capita, PPP (current international $)",NY.GDP.PCAP.PP.CD,8526.289864,8235.802677,8822.517261,10065.48581,10769.77433,9704.443345,12075.14557,12851.79232,13778.81976,12265.79305,12797.32793,13726.32621,13988.59739,15264.09071,16722.52385,17875.09894,18769.50606,19767.88936,21899.4293,23077.21122,13425.36745,19052.62249,22880.51232,24786.20321,26182.78316
"Middle East, North Africa, Afghanistan & Pakistan",MEA,"GDP per capita, PPP (current international $)",NY.GDP.PCAP.PP.CD,8238.428695,8404.386518,8547.351913,8881.3206,9628.426621,10174.86812,10814.8746,11410.63889,11816.71303,11749.76226,12205.69397,12656.18911,13007.2133,12957.4637,12843.8617,11847.34156,11755.39517,12280.19268,12968.38642,12982.64671,12299.89448,13569.59606,15192.97707,15778.57464,16242.83283
Mexico,MEX,"GDP per capita, PPP (current international $)",NY.GDP.PCAP.PP.CD,11704.38111,11738.72594,11761.88659,12066.16012,12657.81561,13260.23882,14541.67163,15031.86196,15680.57619,15192.62415,15908.86032,17266.81291,18004.79356,18170.26479,18820.79911,19075.33847,20104.58398,20488.71508,20921.47753,20964.27748,19354.12487,20782.58774,23387.22428,24917.19289,25738.60314
Marshall Islands,MHL,"GDP per capita, PPP (current international $)",NY.GDP.PCAP.PP.CD,2489.969438,2700.270546,2825.244799,2824.278834,2879.905897,3016.703244,3110.052256,3309.397541,3118.234671,3253.150859,3473.404699,3536.560042,3589.668804,3845.003575,3931.344106,4125.161693,4366.257642,4719.313049,5232.205249,6045.062408,6136.971197,6767.957855,7431.427579,7548.732537,8194.638548
Middle income,MIC,"GDP per capita, PPP (current international $)",NY.GDP.PCAP.PP.CD,3901.846423,4082.098473,4282.202045,4557.81129,4974.550531,5422.832778,5974.495609,6576.833919,7009.869636,7261.73777,7837.498016,8397.10536,8912.690874,9334.896842,9661.999177,9812.452648,10188.46115,10723.67888,11412.43135,12046.77368,12068.18079,13466.48877,14999.89825,16197.54095,17185.69774
North Macedonia,MKD,"GDP per capita, PPP (current international $)",NY.GDP.PCAP.PP.CD,6152.588261,6051.691015,6395.193475,6609.043278,7230.39505,7972.31077,8890.339795,9639.005488,10924.32767,11526.12448,11993.53151,12420.83167,12725.92583,13662.81058,14485.12426,15038.18595,16457.19424,17160.88944,18460.11936,20222.1972,19962.16861,22144.24619,24067.49398,24532.07667,26536.04851
Mali,MLI,"GDP per capita, PPP (current international $)",NY.GDP.PCAP.PP.CD,1356.517364,1558.718702,1581.111087,1714.897539,1730.092252,1770.677954,1831.549245,1852.362826,1893.495145,1944.698282,2011.678946,2046.225671,1990.148052,2059.284076,2184.876603,2330.242939,2531.80497,2606.69608,2684.41122,2819.865823,2723.700948,2796.227938,3014.421073,3174.629603,3314.773322
Malta,MLT,"GDP per capita, PPP (current international $)",NY.GDP.PCAP.PP.CD,18210.60611,18437.07716,19532.02803,20815.41085,21568.69881,22227.41496,23224.01868,25012.58338,26653.89645,26767.97761,28912.36723,29426.03142,30716.1937,33138.16627,35205.79027,38379.01069,40999.07931,45763.15633,48177.35564,51391.84935,49971.93888,56852.25708,59511.93403,64220.37514,69832.1871
Myanmar,MMR,"GDP per capita, PPP (current international $)",NY.GDP.PCAP.PP.CD,948.7482852,1068.825905,1203.826307,1384.528518,1600.841056,1860.454132,2152.867309,2458.857464,2748.079213,3039.799823,3348.128895,3579.40483,3845.152842,4143.630127,4376.388333,4458.690544,4459.539814,4706.432489,5581.276955,6101.372458,5740.990458,5178.447182,5731.937879,5953.357352,5997.465163
"Middle East, North Africa, Afghanistan & Pakistan (excluding high income)",MNA,"GDP per capita, PPP (current international $)",NY.GDP.PCAP.PP.CD,5433.119566,5589.505305,5746.998475,5884.429243,6368.436646,6725.703887,7143.392464,7602.265709,7822.004563,7897.714215,8198.788446,8227.875572,8404.979059,8382.045882,8275.127342,7969.62836,8078.928868,8408.929789,8745.327427,8763.989759,8889.598851,9412.559144,10374.61011,10869.50263,11220.607
Montenegro,MNE,"GDP per capita, PPP (current international $)",NY.GDP.PCAP.PP.CD,6002.576411,6772.288185,7100.306352,7341.278441,7842.50753,8313.654163,10442.52347,12452.72498,13801.94441,12969.50736,13613.79726,14347.5018,13792.52039,14692.12095,15276.06945,16096.03601,18029.69573,19356.4154,21083.17585,23705.04817,20624.77976,23690.02726,27691.91172,31063.85045,34225.87299
Mongolia,MNG,"GDP per capita, PPP (current international $)",NY.GDP.PCAP.PP.CD,3739.696669,3888.855286,4083.384222,4399.365379,4941.826637,5406.14342,5977.196887,6678.054744,7296.580737,7119.394242,7531.625574,8861.820529,10151.7218,10442.38505,10900.23052,10458.30272,10511.38311,11096.03756,12317.48243,13604.97894,13693.17981,14792.25091,16401.98948,18004.85121,19144.72614
Northern Mariana Islands,MNP,"GDP per capita, PPP (current international $)",NY.GDP.PCAP.PP.CD,,,,,,,,,,,,,,,,,,,,,,,,,
Mozambique,MOZ,"GDP per capita, PPP (current international $)",NY.GDP.PCAP.PP.CD,471.9673298,532.6273102,580.0409214,619.9875107,673.3457173,721.4117619,798.3876676,861.9876827,916.1558502,951.4854538,1000.241149,1063.655433,1075.877861,1113.752528,1165.828266,1317.88786,1379.1074,1282.74966,1325.586956,1388.79707,1411.620402,1457.235409,1581.944194,1678.391182,1705.379195
Mauritania,MRT,"GDP per capita, PPP (current international $)",NY.GDP.PCAP.PP.CD,2303.666397,2279.727115,2295.80501,2446.698178,2570.294049,2809.035081,3341.707184,3278.276614,3235.997822,3158.744143,3177.844366,3270.862513,3464.976611,3831.04711,3865.142587,3977.611713,4682.702597,5353.066088,5429.232231,5610.132367,5740.739597,5836.565808,6484.827921,6965.909536,7368.752753
Mauritius,MUS,"GDP per capita, PPP (current international $)",NY.GDP.PCAP.PP.CD,9143.007373,9585.80473,9823.539964,10534.55725,11215.70028,11703.47652,12592.52189,13612.2513,14569.15312,15104.80815,15919.66228,16883.56582,17259.4018,18435.20319,19294.46828,20269.52351,21951.83074,22897.97009,23415.52376,24374.78183,21621.59712,23010.20138,26874.48999,29560.71372,31839.75975
Malawi,MWI,"GDP per capita, PPP (current international $)",NY.GDP.PCAP.PP.CD,974.3101375,924.0563683,931.2835075,979.0389779,1032.802139,1070.93591,1124.438269,1230.563854,1311.449998,1387.789916,1457.605683,1516.211183,1464.04324,1558.112247,1505.551904,1403.084512,1409.958027,1380.232636,1363.794456,1450.010081,1513.459908,1687.593582,1778.305821,1830.464613,1857.61757
Malaysia,MYS,"GDP per capita, PPP (current international $)",NY.GDP.PCAP.PP.CD,13027.27334,13071.58141,13656.04589,14387.24849,15415.80634,16371.42608,17426.36117,18616.80708,19479.87996,18922.64595,20193.40929,21324.3595,22638.54069,23160.89245,24306.52123,24526.39427,25285.82135,26415.59602,27793.56742,28933.9283,27474.73614,29822.84918,34419.8685,36466.89149,38779.28304
North America,NAC,"GDP per capita, PPP (current international $)",NY.GDP.PCAP.PP.CD,35650.16957,36460.40352,37310.44962,38792.70987,40962.3936,43361.24904,45502.01435,47221.8054,47768.07691,46376.93159,47800.99313,49199.80166,50775.27788,52403.75807,54217.97724,55636.68965,56828.12604,58871.9596,61572.55059,63726.41334,62778.63484,69833.49488,76374.81794,80412.92545,83614.13451
Namibia,NAM,"GDP per capita, PPP (current international $)",NY.GDP.PCAP.PP.CD,5128.614336,5196.150098,5433.269027,5692.633738,6479.76369,6766.599812,7373.758222,7874.931445,8124.815179,8079.383923,8538.199954,9002.230045,9363.766323,9699.208378,10365.30906,10465.89206,10200.13926,9887.939355,9853.735336,9609.485557,9354.131367,9709.099306,10662.70171,11251.23703,11686.60207
New Caledonia,NCL,"GDP per capita, PPP (current international $)",NY.GDP.PCAP.PP.CD,,,,,,,,,,,,,,,,,,,,,,,,,
Niger,NER,"GDP per capita, PPP (current international $)",NY.GDP.PCAP.PP.CD,764.2818851,809.3871869,832.4693644,836.9784406,832.1251966,888.3042625,935.1753294,954.8922801,1010.431846,998.7925015,1057.511003,1064.419174,1161.789083,1137.769041,1161.325157,1172.191788,1188.557092,1208.1461,1275.996439,1419.168051,1496.8335,1585.59922,1839.969097,1875.153068,2049.933053
Nigeria,NGA,"GDP per capita, PPP (current international $)",NY.GDP.PCAP.PP.CD,3138.991389,3308.506115,3770.179349,4014.866954,4381.136828,4678.091632,4975.269793,5297.970295,5607.008402,5927.461118,6301.183725,6585.361933,6670.838262,7004.131196,7396.128355,7307.837882,7072.496934,7036.674144,7158.171076,7551.393804,7414.774955,7588.478856,8304.958105,8705.434267,9086.875506
Nicaragua,NIC,"GDP per capita, PPP (current international $)",NY.GDP.PCAP.PP.CD,2806.259379,2916.551683,2948.229798,3046.108683,3255.485159,3455.992737,3657.967497,3891.49985,4044.376122,3879.669882,4042.220713,4324.710072,4507.943029,4710.572432,5067.74639,5448.89226,5882.366452,6225.347026,5935.166936,5981.108764,6274.094567,7119.169234,7796.69362,8319.979441,8708.799831
Netherlands,NLD,"GDP per capita, PPP (current international $)",NY.GDP.PCAP.PP.CD,31887.85346,33262.98238,34568.45933,34290.75505,35965.5468,37778.48644,41216.88407,44205.04498,46714.34543,44935.74575,45306.30781,47004.13707,47653.34017,49622.05196,49751.30929,50970.34848,53162.27916,56037.56799,58819.26091,62345.25385,62596.6302,68573.56488,77152.22376,78305.28884,84221.97838
Norway,NOR,"GDP per capita, PPP (current international $)",NY.GDP.PCAP.PP.CD,36986.4942,37833.48041,38056.24043,38684.70968,42672.93753,47966.86401,54369.17665,56181.30457,62072.75399,55618.63376,58219.61435,62460.09082,65774.35207,67377.92623,66332.46144,60754.18169,59280.1992,64589.55592,70253.84637,70939.60552,67110.60457,88984.13867,123150.1729,100437.1994,101031.4606
Nepal,NPL,"GDP per capita, PPP (current international $)",NY.GDP.PCAP.PP.CD,1316.829409,1388.470455,1390.43707,1453.183658,1542.449476,1627.839156,1717.786118,1809.323712,1942.152997,2028.957408,2139.227494,2247.997429,2465.834694,2658.021969,2901.197521,2957.305591,2976.125137,3604.708259,3956.124611,4260.673732,4235.574623,4546.2297,5102.992311,5395.208201,5736.621343
Nauru,NRU,"GDP per capita, PPP (current international $)",NY.GDP.PCAP.PP.CD,5838.384745,5587.100595,5132.474854,5260.705661,5168.562529,5336.455549,5974.816844,4788.517632,5863.370993,5567.889165,5620.40413,6544.102998,8153.272624,8428.732568,9725.952148,9955.335487,10281.2674,9650.3189,9657.260736,10554.52185,10810.9461,12112.23584,13245.10946,13731.57047,14173.0081
New Zealand,NZL,"GDP per capita, PPP (current international $)",NY.GDP.PCAP.PP.CD,21500.62929,22521.04094,23306.27954,23987.36889,25096.68588,25677.41908,27744.06172,29353.50063,29895.64517,30756.22396,31292.95276,32738.98844,33054.89368,36262.70473,37331.31557,37578.02761,39988.92509,42243.50845,42527.27841,45278.45872,45513.31238,48248.71767,54021.05947,54320.24559,55624.93472
OECD members,OED,"GDP per capita, PPP (current international $)",NY.GDP.PCAP.PP.CD,24714.15363,25490.15053,26276.84157,27061.27818,28501.38235,29853.51503,31850.33771,33420.31464,34294.05418,33356.17979,34630.52264,36082.09004,37056.84856,38406.49028,39558.35057,40708.27031,42093.57302,43728.18732,45413.54483,47429.29203,46576.45392,50955.60184,56509.43613,58664.41308,61288.3309
Oman,OMN,"GDP per capita, PPP (current international $)",NY.GDP.PCAP.PP.CD,39443.26074,41679.01509,41511.02853,40934.69572,42141.6369,43672.52032,46091.18224,48626.92204,52841.18895,55127.46777,55667.46878,52393.31358,49989.44251,47013.47309,44235.83363,36058.16661,33333.86359,33619.4989,37780.33083,37250.61108,35163.32818,38719.45877,42616.3349,41945.02556,41740.16585
Other small states,OSS,"GDP per capita, PPP (current international $)",NY.GDP.PCAP.PP.CD,10095.69864,10538.32391,10969.90326,11528.24249,12183.53082,12874.39993,14061.99014,15107.98207,15638.1328,15119.10222,15550.21099,16366.56805,16757.66339,17079.39115,17518.29378,17476.47117,18472.60727,19669.93177,20713.39914,22389.52781,21293.93396,23596.39117,26119.49956,27385.57865,29109.31633
Pakistan,PAK,"GDP per capita, PPP (current international $)",NY.GDP.PCAP.PP.CD,2565.199588,2643.766275,2687.829936,2821.73137,3048.357091,3292.602233,3514.813652,3672.185275,3721.332936,3777.090986,3785.701135,3879.597769,4046.598488,4173.938586,4312.9907,4480.263135,4630.731507,4789.536466,4979.373496,5037.534016,5048.021306,5367.273647,5920.274307,6013.989636,6252.115432
Panama,PAN,"GDP per capita, PPP (current international $)",NY.GDP.PCAP.PP.CD,8097.29578,8197.157605,8370.303375,8800.566631,9591.602887,10511.02202,11684.55502,13332.86609,14705.37143,14765.73802,15572.5787,17473.76512,19473.25149,21923.67508,24376.08086,27245.27884,30276.70885,33533.32602,32463.54035,33239.73323,27017.00338,30932.76278,36333.12692,39813.38579,41369.42254
Peru,PER,"GDP per capita, PPP (current international $)",NY.GDP.PCAP.PP.CD,5011.945407,5086.422478,5382.566413,5656.858161,6037.520251,6559.5433,7213.59606,7982.050084,8820.139011,8916.595775,9713.358633,10462.57704,10757.15222,11290.55474,11517.73717,11600.3874,12066.54607,12591.85629,13078.23235,13563.53729,12563.30381,15280.55121,16669.15615,17011.2278,17802.41825
Philippines,PHL,"GDP per capita, PPP (current international $)",NY.GDP.PCAP.PP.CD,3365.558335,3468.898883,3580.382455,3761.496246,4037.171938,4289.052237,4578.706309,4923.197186,5144.335782,5157.278251,5489.235435,5705.435912,6094.268373,6372.833821,6688.739612,6894.267022,7382.667584,7773.798536,8357.743579,8924.101164,8238.36802,8857.789951,10131.34637,10985.82926,11794.13755
Palau,PLW,"GDP per capita, PPP (current international $)",NY.GDP.PCAP.PP.CD,10196.90542,11091.79363,11703.9385,11588.36962,12213.19785,12960.16782,13544.76513,14308.23281,14039.40562,13414.35449,13443.39868,14673.05602,15461.37197,15424.75965,16442.03893,17853.51039,18234.61188,17991.10802,18172.30458,18421.90346,17389.72462,15780.55012,17184.54153,18230.26986,
Papua New Guinea,PNG,"GDP per capita, PPP (current international $)",NY.GDP.PCAP.PP.CD,2195.957833,2167.758886,2125.387201,2141.940887,2186.540082,2321.909162,2443.802252,2622.374687,2583.480943,2692.435093,2911.892032,2918.543918,3025.855996,3109.895372,3499.548468,3669.738716,3812.710351,3923.171977,3909.91573,4059.828602,3899.577192,3976.903801,4419.61927,4667.835671,4874.689955
Poland,POL,"GDP per capita, PPP (current international $)",NY.GDP.PCAP.PP.CD,10718.91054,11176.4716,11841.26841,12330.47271,13414.85739,13935.55731,15208.12662,16833.85226,18372.37645,19290.12047,20993.24956,22808.50553,23728.14568,24433.89143,25459.73923,26995.34087,28359.69273,30170.2819,32345.10661,35882.36551,37089.30043,41059.58478,46077.38556,46757.54018,50540.93208
Pre-demographic dividend,PRE,"GDP per capita, PPP (current international $)",NY.GDP.PCAP.PP.CD,2248.266567,2332.197447,2430.636889,2366.537219,2666.778106,2825.77118,3005.32731,3181.710092,3354.611871,3438.824352,3606.411043,3734.465499,3807.401808,3971.227362,4091.041702,3910.591278,3889.733155,3981.685633,4170.342161,4348.629878,4216.236629,4514.399936,4931.925363,5102.900927,5268.749249
Puerto Rico (US),PRI,"GDP per capita, PPP (current international $)",NY.GDP.PCAP.PP.CD,22938.03023,24881.97738,25467.36072,25967.78148,28993.07351,29350.30606,29955.58126,30587.99904,30782.45396,30533.6809,30908.79866,31697.21886,32077.61785,32279.40003,32391.06703,32323.54565,32245.84843,31866.61606,33706.59152,36217.72044,36858.60852,40559.47481,45327.51019,47543.39378,50247.84925
"Korea, Dem. People's Rep.",PRK,"GDP per capita, PPP (current international $)",NY.GDP.PCAP.PP.CD,,,,,,,,,,,,,,,,,,,,,,,,,
Portugal,PRT,"GDP per capita, PPP (current international $)",NY.GDP.PCAP.PP.CD,18879.05821,19530.67853,20356.6473,20852.24043,21478.42973,22725.27749,24682.56462,25738.93691,26665.8373,26458.1097,27295.10356,26803.23369,26476.21828,27966.08743,28764.5255,29615.95609,31589.26956,32970.83954,34896.79934,37865.56036,35966.7128,38657.66772,44557.28105,47426.48809,50649.51024
Paraguay,PRY,"GDP per capita, PPP (current international $)",NY.GDP.PCAP.PP.CD,6937.17672,6916.493308,6924.183349,7275.93316,7685.658148,8006.709782,8560.739251,9178.944216,9867.396953,9801.649331,10893.31492,11441.76368,10954.32516,12137.00819,12607.07216,12679.05748,13329.13734,13977.34278,14139.09313,14149.59852,14308.87877,15406.16706,16347.0435,17564.49124,18523.68102
West Bank and Gaza,PSE,"GDP per capita, PPP (current international $)",NY.GDP.PCAP.PP.CD,2782.513885,2515.154529,2178.863065,2469.379804,3013.739419,3371.90248,3354.428466,3485.612718,3713.132159,3950.279783,4120.860663,4494.731323,5214.648654,5287.847461,5381.63691,5769.982366,6062.232748,6106.64574,6215.816473,6508.448351,5956.286201,5663.121607,6163.248978,5950.020062,4371.111359
Pacific island small states,PSS,"GDP per capita, PPP (current international $)",NY.GDP.PCAP.PP.CD,3662.269427,3741.688284,3841.808054,3936.235483,4163.800201,4332.03415,4512.587815,4578.324259,4701.522004,4647.500789,4812.548176,5020.842888,5216.459604,5468.643375,6105.046515,6500.08044,6644.932016,6952.337601,7088.460075,7113.0603,6203.533829,6080.315941,7126.710496,7855.019476,8214.97073
Post-demographic dividend,PST,"GDP per capita, PPP (current international $)",NY.GDP.PCAP.PP.CD,26972.5723,27947.2834,28905.44549,29857.49008,31479.92378,33023.8121,35162.83892,36900.63283,37842.07666,36783.62966,38131.98793,39576.59837,40616.15997,42155.09352,43298.38694,44426.64545,45935.36272,47777.32727,49790.65235,52195.80311,51333.14476,56311.67779,61926.95772,64513.87737,67438.36719
French Polynesia,PYF,"GDP per capita, PPP (current international $)",NY.GDP.PCAP.PP.CD,,,,,,,,,,,,,,,,,,,,,,,,,
Qatar,QAT,"GDP per capita, PPP (current international $)",NY.GDP.PCAP.PP.CD,88848.70138,89804.93543,93176.53067,94120.36683,110957.8282,115250.4023,127180.7102,124055.6825,126015.0243,125897.625,151646.1452,174619.9177,180939.4395,169203.3499,148389.2001,102545.8633,89934.66888,99358.37339,110032.8399,107502.5679,82149.45699,116832.6569,122920.5433,129367.8697,126046.3549
Romania,ROU,"GDP per capita, PPP (current international $)",NY.GDP.PCAP.PP.CD,5848.840986,6520.601053,7162.317314,7560.372298,8990.537276,9602.140134,11556.56925,13703.18955,16782.11664,16632.13177,17356.65886,18803.91625,19807.45796,19678.1283,20633.00931,21630.31437,23904.66829,26943.02364,29382.19659,33424.75955,34193.91929,37534.13121,42070.48816,45379.23275,48731.32491
Russian Federation,RUS,"GDP per capita, PPP (current international $)",NY.GDP.PCAP.PP.CD,6825.391602,7361.36377,8037.474609,9254.537109,10226.7666,11822.34668,14912.23438,16648.24219,20163.60938,19389.94141,20490.12695,22789.54297,24273.51758,26019.72656,25688.22656,23994.01367,24012.40234,25777.9043,28628.5625,30963.85352,31490.80469,38638.42969,40938.98828,44268.73047,47404.96484
Rwanda,RWA,"GDP per capita, PPP (current international $)",NY.GDP.PCAP.PP.CD,609.2658555,669.8754364,759.6626129,774.5082373,832.2797193,914.2273664,1002.289494,1078.938852,1190.75758,1240.549726,1314.135595,1412.907522,1454.525079,1512.241713,1677.568697,1780.741716,1866.389685,1967.942866,2125.495227,2336.039673,2284.898898,2733.435668,3098.677006,3399.451746,3710.860404
South Asia,SAS,"GDP per capita, PPP (current international $)",NY.GDP.PCAP.PP.CD,2050.007052,2153.167612,2229.421739,2403.296126,2612.051814,2856.176195,3129.719808,3407.963134,3543.887322,3779.974475,4084.558072,4336.461597,4712.832823,4923.133671,5117.573776,5353.196953,5729.000629,6077.776226,6648.987493,7088.516622,6969.472124,8015.356745,9129.601733,10176.35476,10973.71017
Saudi Arabia,SAU,"GDP per capita, PPP (current international $)",NY.GDP.PCAP.PP.CD,48643.60722,47380.80316,45466.02577,48078.11861,51225.32582,53548.19649,54638.75889,55029.87121,57236.05196,54787.35521,58828.72653,64125.21772,65033.61618,62202.88592,62578.07084,53930.82739,49937.06681,53120.45725,59377.80254,59560.25379,47518.48775,62690.49666,71968.07496,71564.80003,71375.37279
Sudan,SDN,"GDP per capita, PPP (current international $)",NY.GDP.PCAP.PP.CD,2616.4646,2769.422852,2898.138672,3058.10376,3215.236328,3407.351807,3637.32666,3836.489014,3937.526855,3731.614746,3805.627441,4112.21875,3710.376953,3724.959961,4260.571777,4217.010254,4470.35498,4252.421387,4199.250488,3914.225586,3348.578369,3248.975586,3355.378174,2420.657959,2115.816162
Senegal,SEN,"GDP per capita, PPP (current international $)",NY.GDP.PCAP.PP.CD,1963.275099,2043.852895,2026.777824,2130.507975,2236.294009,2350.20037,2422.097618,2499.315829,2580.719492,2605.722803,2662.504866,2684.949897,2764.261307,2768.768187,2853.804563,2994.280327,3101.123485,3234.361582,3380.215965,3647.951374,3752.919475,4173.677414,4530.220595,4777.614519,5070.648621
Singapore,SGP,"GDP per capita, PPP (current international $)",NY.GDP.PCAP.PP.CD,43781.26915,43109.06419,45083.25299,48778.29833,54383.80623,58821.69347,64060.5686,68804.98322,67735.34809,66212.96256,75400.5558,80052.3915,82107.72709,83088.31854,84555.24461,87156.18738,89901.81592,95744.18216,103963.3633,105335.292,101518.318,132617.354,143094.9499,143786.1363,150689.3016
Solomon Islands,SLB,"GDP per capita, PPP (current international $)",NY.GDP.PCAP.PP.CD,1502.88777,1387.195869,1343.739164,1433.095202,1556.469749,1693.191935,1786.139629,1868.755072,1989.013592,2021.463151,2182.216039,2306.28128,2320.453461,2394.467881,2377.38397,2353.782353,2421.189911,2454.046719,2493.976757,2512.01388,2405.315094,2449.870098,2496.227346,2596.563643,2674.893113
Sierra Leone,SLE,"GDP per capita, PPP (current international $)",NY.GDP.PCAP.PP.CD,1242.07432,1121.242601,1359.917257,1457.801679,1541.005713,1614.503619,1697.696804,1769.779721,1824.244984,1814.070869,1900.385152,2042.700091,2317.1914,2700.738078,2762.045537,2560.049858,2634.925243,2501.453155,2640.475668,2704.058359,2719.072868,2849.388659,3143.964511,3368.317272,3522.30588
El Salvador,SLV,"GDP per capita, PPP (current international $)",NY.GDP.PCAP.PP.CD,4422.445106,4542.925872,4671.553028,4828.702971,4997.593853,5291.669623,5694.523309,5949.426406,6174.691552,6062.67572,6247.914527,6593.678068,6708.390322,7092.588521,7503.711058,7933.736979,8455.616148,8965.218909,9203.762163,9756.752186,9392.689138,10809.7134,11875.96481,12679.57688,13264.02709
San Marino,SMR,"GDP per capita, PPP (current international $)",NY.GDP.PCAP.PP.CD,53713.44833,57251.7956,57583.90694,60223.91285,61113.90187,63738.57387,67434.15601,71744.052,71723.62422,61969.82854,58926.14037,56239.95927,51274.21548,50770.36732,52909.22241,52247.20783,53033.05634,52463.41964,54460.90583,57444.11936,55206.58123,64745.13168,75941.48991,78745.43133,
"Somalia, Fed. Rep.",SOM,"GDP per capita, PPP (current international $)",NY.GDP.PCAP.PP.CD,467.0609221,491.52733,517.4752061,547.3741548,580.2849555,619.1582984,659.1375805,700.174058,739.2094693,773.7808622,815.131436,881.3831131,1002.932266,944.4045673,1127.719222,1341.389997,1468.504385,1596.814092,1551.52774,1548.272509,1454.267118,1392.317821,1486.472473,1555.610168,1601.964666
Serbia,SRB,"GDP per capita, PPP (current international $)",NY.GDP.PCAP.PP.CD,6414.340959,6803.49185,7562.72725,8023.956583,8716.29241,9397.618528,10465.56308,11685.82205,13122.50307,13031.21452,13321.50669,14298.32378,14506.17927,15246.98912,15296.17628,15550.4859,16455.04762,17285.2171,18468.6661,20586.99394,21013.03994,23406.343,26247.19123,28748.85636,32233.76033
Sub-Saharan Africa (excluding high income),SSA,"GDP per capita, PPP (current international $)",NY.GDP.PCAP.PP.CD,2480.548253,2577.807784,2724.120828,2826.943885,3014.840888,3204.512833,3405.845794,3608.893464,3764.31471,3806.207123,3973.189377,4118.408862,4118.960121,4286.372459,4467.68047,4441.35731,4436.304182,4581.083576,4564.483274,4736.802785,4624.053526,4939.325313,5373.437133,5571.64191,5768.027096
South Sudan,SSD,"GDP per capita, PPP (current international $)",NY.GDP.PCAP.PP.CD,,,,,,,,,2887.374159,2911.042973,2948.050015,2718.048479,1417.385664,1916.853559,1372.756185,1154.886863,,,,,,,,,
Sub-Saharan Africa,SSF,"GDP per capita, PPP (current international $)",NY.GDP.PCAP.PP.CD,2283.307638,2373.650729,2504.606354,2594.659148,2769.543063,2946.428321,3134.003373,3324.04114,3470.886611,3513.697677,3673.349319,3814.098434,3822.58839,3980.582476,4167.313419,4158.742049,4177.224107,4322.177893,4316.46733,4486.180838,4401.057923,4702.278874,5118.322758,5318.143474,5517.421136
Small states,SST,"GDP per capita, PPP (current international $)",NY.GDP.PCAP.PP.CD,9670.218209,10069.36121,10508.86278,11140.6889,11827.86481,12580.47462,13791.78611,14730.77463,15234.82079,14748.36786,15164.27244,15807.53918,16189.8827,16450.48942,16876.08293,16760.49312,17252.52349,18230.76109,19024.70251,20302.15525,19023.17878,21232.10464,24225.33103,26000.68909,28457.62421
Sao Tome and Principe,STP,"GDP per capita, PPP (current international $)",NY.GDP.PCAP.PP.CD,1830.366299,1897.874111,1944.998385,2093.504934,2170.941219,2329.01423,2550.59554,2650.103876,2801.835793,2845.735894,2858.568991,2914.212857,2652.878795,2945.736643,3233.356881,3171.509058,3319.542617,3436.310101,3941.032809,4655.484964,5144.535603,5732.694561,6033.681172,6149.981461,6241.856145
Suriname,SUR,"GDP per capita, PPP (current international $)",NY.GDP.PCAP.PP.CD,7535.452942,7865.102623,8045.759827,8551.637429,9388.818908,10013.91961,10802.54818,11530.15655,12097.34912,12392.93336,13039.44912,13926.22262,15184.92547,16172.6962,16597.58535,16543.57431,14475.30696,17567.68024,17855.47871,19771.54739,16946.89424,18458.235,20078.83655,21110.19802,21800.5266
Slovak Republic,SVK,"GDP per capita, PPP (current international $)",NY.GDP.PCAP.PP.CD,11367.56959,12368.65821,13291.78647,14090.07279,15167.92553,16570.25742,18909.77617,21233.03735,23714.13536,23065.37548,25384.49114,26201.65028,27022.77473,28075.43262,29108.07218,30156.0271,29867.98034,30245.78259,31509.81873,33985.67584,35327.94392,38346.09358,41096.0185,43949.85721,47180.84877
Slovenia,SVN,"GDP per capita, PPP (current international $)",NY.GDP.PCAP.PP.CD,17887.77974,18765.44811,20004.2991,20918.24326,22590.79213,23682.37108,25576.51932,27469.0413,29460.94142,27214.46531,27582.49774,28715.634,28786.71055,29634.06576,30571.9753,31344.62897,33575.17754,36180.03845,38620.20454,42373.25064,41767.25799,45914.05724,51079.17807,53952.20473,56502.03752
Sweden,SWE,"GDP per capita, PPP (current international $)",NY.GDP.PCAP.PP.CD,29629.89865,29949.21545,30987.26749,31791.57777,33809.3855,34198.38646,37679.72054,40814.29165,41906.69902,40073.14815,41956.12901,44332.52174,45206.98644,46098.23214,46841.40197,48785.15519,50289.76871,51474.11991,53122.43868,57046.44631,57489.26572,62731.70062,66375.61646,67258.8461,71030.46017
Eswatini,SWZ,"GDP per capita, PPP (current international $)",NY.GDP.PCAP.PP.CD,4400.664194,4521.403211,4741.611878,5020.282863,5309.605079,5772.689865,6319.414443,6731.954114,6913.687327,7010.933126,7324.463931,7570.996614,7760.322805,8231.151398,8365.743287,8391.070061,8484.121173,8584.311008,8535.255932,9248.322067,9329.304534,9990.43492,10635.39242,11299.88312,11799.20288
Sint Maarten (Dutch part),SXM,"GDP per capita, PPP (current international $)",NY.GDP.PCAP.PP.CD,,,,,,,,,,36454.08824,37736.40568,39730.54673,35520.51387,36178.18702,43514.23654,44587.59115,44845.10687,44479.29671,41653.2009,45715.69705,38901.48676,40507.06724,48760.68206,51686.65208,53768.65739
Seychelles,SYC,"GDP per capita, PPP (current international $)",NY.GDP.PCAP.PP.CD,14637.95907,14614.83299,14569.62565,14141.723,14160.40717,15846.0514,17503.1965,19473.42068,18880.57486,18453.44107,18981.65865,21780.70756,22263.82216,22487.24977,24984.52692,25435.22899,28811.39703,30674.64873,32091.29887,34219.06137,31055.94421,29979.82727,29972.87583,31780.78383,33238.58003
Syrian Arab Republic,SYR,"GDP per capita, PPP (current international $)",NY.GDP.PCAP.PP.CD,,,,,,,,,,,,,,,,,,3265.070294,3455.89227,3502.175115,3737.657518,4592.838601,4772.461677,,
Turks and Caicos Islands,TCA,"GDP per capita, PPP (current international $)",NY.GDP.PCAP.PP.CD,,,,,,,,32002.54593,33827.51001,26269.97736,25811.88771,26572.52695,23610.47422,23931.6893,25546.29273,27484.64144,29780.57858,30097.35506,31151.47486,31173.37978,19530.02541,25056.48805,30220.82401,35336.74035,37954.38765
Chad,TCD,"GDP per capita, PPP (current international $)",NY.GDP.PCAP.PP.CD,1043.5454,1151.920268,1225.707012,1377.746596,1808.212022,2101.69136,2078.60167,2149.259861,2180.516804,2087.147187,2319.688832,2388.165121,2435.124082,2110.247051,2133.184412,2377.511372,2120.087516,2097.144255,2227.813354,2351.653398,2185.990342,2435.072747,2624.117897,2700.360553,2742.659522
East Asia & Pacific (IDA & IBRD countries),TEA,"GDP per capita, PPP (current international $)",NY.GDP.PCAP.PP.CD,3381.171667,3646.23802,3953.034102,4339.005151,4804.698506,5380.470311,6072.76032,6910.960838,7563.652391,8113.886258,8929.22131,9782.719889,10641.97589,11304.52053,11887.05562,12283.97434,12885.89312,13640.20064,14752.27036,15858.86098,16192.99978,18167.52989,20149.68833,21910.11076,23509.72417
Europe & Central Asia (IDA & IBRD countries),TEC,"GDP per capita, PPP (current international $)",NY.GDP.PCAP.PP.CD,6594.863678,6969.76634,7463.085326,8167.425122,9109.741448,10124.13156,11974.09421,13380.09646,15257.87248,14873.99064,15923.98762,17521.37666,18510.85706,19777.59115,20209.98469,19996.67412,20564.16402,21964.6867,23537.70925,25405.59435,25836.41035,29887.28198,33016.05022,35649.13554,37934.37163
Togo,TGO,"GDP per capita, PPP (current international $)",NY.GDP.PCAP.PP.CD,1314.737396,1320.136169,1357.009817,1439.851783,1427.002284,1367.510663,1407.068256,1387.200617,1429.306365,1474.18339,1537.053697,1615.981464,1645.312904,1715.360738,1803.14811,1879.668355,1932.926143,1985.526221,2067.06643,2214.699156,2384.066455,2638.810953,2935.013673,3154.433293,3365.45809
Thailand,THA,"GDP per capita, PPP (current international $)",NY.GDP.PCAP.PP.CD,7289.104994,7632.016094,8148.437029,8824.06945,9545.338138,10169.04536,10912.44279,11723.09956,12062.15988,11964.05295,12932.26334,13227.45411,14616.64979,15215.94925,15365.31754,15791.17148,16671.25069,17573.33982,18876.22088,19963.39184,19163.74152,20242.77,22243.07477,23519.2121,24712.06586
Tajikistan,TJK,"GDP per capita, PPP (current international $)",NY.GDP.PCAP.PP.CD,1036.129889,1138.743729,1256.952582,1395.646842,1550.07202,1672.73375,1810.291257,1966.221899,2120.018457,2171.360916,2291.078236,2455.972783,2679.069296,2918.56048,3151.724528,2975.470975,2913.856795,3017.003149,3069.103851,3459.973651,3653.959768,3985.912476,4514.175124,4963.582953,5405.980116
Turkmenistan,TKM,"GDP per capita, PPP (current international $)",NY.GDP.PCAP.PP.CD,4208.665155,4401.303804,4392.823815,4536.197815,4798.153174,5489.345422,6163.850182,6901.017569,7915.547924,8285.01893,8971.616287,10282.72662,11035.45128,11722.80863,12476.53444,12714.81372,12919.37122,13278.40304,14368.46214,15477.72376,15090.9395,16434.13991,18340.11128,19828.92485,21213.08625
Latin America & the Caribbean (IDA & IBRD countries),TLA,"GDP per capita, PPP (current international $)",NY.GDP.PCAP.PP.CD,8758.995265,8883.4164,8907.507602,9136.899898,9830.414344,10478.48114,11399.75299,12218.87296,12847.69081,12608.0668,13393.88216,14297.09547,14616.84142,15108.1056,15428.63928,15215.95499,15481.51071,16138.79658,16834.67346,17245.55832,16581.57733,18606.93468,20774.34347,21870.62966,22759.10701
Timor-Leste,TLS,"GDP per capita, PPP (current international $)",NY.GDP.PCAP.PP.CD,1483.170067,1618.592789,1416.885583,1355.186427,1378.854043,1434.822072,1377.113541,1515.708926,1675.045705,1810.186019,1955.329408,2065.960555,2386.135981,2566.030745,2859.860583,3107.571846,3390.762241,3463.11739,3561.287738,4556.614257,6132.082998,6825.045886,5729.811714,4806.821816,4422.778822
"Middle East, North Africa, Afghanistan & Pakistan (IDA & IBRD)",TMN,"GDP per capita, PPP (current international $)",NY.GDP.PCAP.PP.CD,5450.54955,5609.724125,5770.483595,5907.022713,6390.75079,6748.108425,7168.727907,7629.876582,7849.743362,7924.518988,8226.600001,8253.511121,8427.119024,8403.64301,8295.440346,7985.238931,8093.359029,8425.408953,8763.528979,8780.399406,8910.909859,9439.858096,10405.47394,10905.7473,11271.56436
Tonga,TON,"GDP per capita, PPP (current international $)",NY.GDP.PCAP.PP.CD,3833.927676,3955.228545,4170.937249,4231.453629,4235.120413,4314.547198,4327.446619,4315.944506,4600.348829,4383.811302,4465.4605,4855.429237,4996.444609,5119.694753,5335.915763,5471.796794,5920.157615,6229.070242,6392.600677,6473.320587,6675.60305,6929.176693,7296.170821,7802.669862,
South Asia (IDA & IBRD),TSA,"GDP per capita, PPP (current international $)",NY.GDP.PCAP.PP.CD,2050.007052,2153.167612,2229.421739,2403.296126,2612.051814,2856.176195,3129.719808,3407.963134,3543.887322,3779.974475,4084.558072,4336.461597,4712.832823,4923.133671,5117.573776,5353.196953,5729.000629,6077.776226,6648.987493,7088.516622,6969.472124,8015.356745,9129.601733,10176.35476,10973.71017
Sub-Saharan Africa (IDA & IBRD countries),TSS,"GDP per capita, PPP (current international $)",NY.GDP.PCAP.PP.CD,2283.307638,2373.650729,2504.606354,2594.659148,2769.543063,2946.428321,3134.003373,3324.04114,3470.886611,3513.697677,3673.349319,3814.098434,3822.58839,3980.582476,4167.313419,4158.742049,4177.224107,4322.177893,4316.46733,4486.180838,4401.057923,4702.278874,5118.322758,5318.143474,5517.421136
Trinidad and Tobago,TTO,"GDP per capita, PPP (current international $)",NY.GDP.PCAP.PP.CD,13953.13615,14797.10384,16141.23573,18742.64192,20673.74584,23536.02687,27393.35055,29354.52901,30807.28485,29601.61945,30778.31274,31077.79697,31883.22975,31746.20524,32026.5301,29825.46288,28231.68207,28484.25572,28673.2414,29315.80541,26731.35564,30482.12018,32978.85858,34623.36915,36328.51301
Tunisia,TUN,"GDP per capita, PPP (current international $)",NY.GDP.PCAP.PP.CD,6278.986809,6593.381965,6715.110784,7098.423562,7671.84536,8116.954899,8728.657125,9479.350639,9975.022321,10237.089,10555.0887,10435.99567,10614.5313,10671.56973,10946.89358,10782.54384,10993.66385,11288.78001,11841.4062,12494.79057,11918.06621,12444.3264,13618.53899,14040.59611,14521.00809
Turkiye,TUR,"GDP per capita, PPP (current international $)",NY.GDP.PCAP.PP.CD,9323.8211,9015.014267,9154.451535,9475.238422,10760.77608,11803.36044,13558.21834,14951.68624,16141.68881,15551.6415,17468.19966,19717.24383,20739.27255,22475.29098,24192.53761,25896.98332,26730.75997,28353.54064,28640.34018,29016.45557,29209.33089,32105.54744,39919.16088,43196.33813,45122.93172
Tuvalu,TUV,"GDP per capita, PPP (current international $)",NY.GDP.PCAP.PP.CD,2597.252083,2595.916511,2915.300376,2770.100162,2764.913896,2727.664931,2787.109566,3034.349163,3291.097724,3081.938906,2945.128925,3175.928412,3170.401061,3277.213343,3418.852643,3775.755659,4030.862415,4226.718747,4431.731866,5209.700021,5122.19828,5352.978625,5661.143848,6151.01047,
Tanzania,TZA,"GDP per capita, PPP (current international $)",NY.GDP.PCAP.PP.CD,1163.643677,1228.522339,1302.055542,1379.457764,1482.162109,1598.037476,1706.548462,1820.001343,1908.373535,1972.167847,2069.401855,2211.466797,2083.484863,2176.216553,2221.179688,2317.279785,2434.699951,2472.493164,2727.880127,2981.874512,3290.609863,3493.083008,3799.862305,4018.516602,4220.796387
Uganda,UGA,"GDP per capita, PPP (current international $)",NY.GDP.PCAP.PP.CD,1124.209582,1172.683175,1254.982035,1320.239916,1405.242884,1496.509478,1659.725291,1794.535189,1930.708695,2014.608794,2091.559631,2267.722704,2031.946695,2044.881825,2134.009163,2189.964859,2165.297594,2157.957475,2312.057528,2441.374452,2532.219501,2684.920359,2919.177754,3097.637024,3273.267174
Ukraine,UKR,"GDP per capita, PPP (current international $)",NY.GDP.PCAP.PP.CD,4228.116211,4746.85791,5122.841309,5764.01123,6663.467285,7142.106934,7971.196289,8900.444336,9323.722656,7994.615723,8453.299805,9126.608398,9552.314453,10903.8252,10493.74512,9921.833984,10864.65723,11536.08105,12554.84863,14217.48633,15541.02734,17846.4082,14770.07129,17665.34375,18550.46289
Upper middle income,UMC,"GDP per capita, PPP (current international $)",NY.GDP.PCAP.PP.CD,5244.259861,5499.267741,5801.766057,6194.219806,6805.766102,7459.294973,8291.757345,9228.04929,9935.594336,10262.82517,11167.49678,12082.56368,12786.49426,13434.15263,13916.61917,14046.85991,14572.32271,15333.32449,16311.85183,17204.38622,17340.5473,19507.21146,21689.2891,23420.89686,24878.12729
Uruguay,URY,"GDP per capita, PPP (current international $)",NY.GDP.PCAP.PP.CD,10929.30026,10719.39457,10030.12878,10303.23375,11103.11259,12295.70031,13179.38811,14397.22497,15694.23541,16421.76963,17872.53697,19135.3637,19495.42237,20661.37934,21867.81123,22168.61142,22840.55071,23606.6278,24386.49485,25782.68902,25725.25822,29431.88501,33000.9187,34470.93222,36417.87416
United States,USA,"GDP per capita, PPP (current international $)",NY.GDP.PCAP.PP.CD,36329.97026,37133.6204,37997.74243,39490.30239,41724.6412,44123.39965,46301.98765,48050.22741,48570.05943,47194.95009,48642.63121,50024.88123,51708.39406,53297.38629,55153.39402,56849.46979,57976.6282,60047.71907,62875.66614,65227.95659,64401.50744,71307.40173,77860.91129,82304.62043,85809.90038
Uzbekistan,UZB,"GDP per capita, PPP (current international $)",NY.GDP.PCAP.PP.CD,2644.263542,2782.348711,2902.039836,3047.248568,3321.196544,3617.854868,3955.976821,4386.129337,4800.059143,5135.464446,5504.856379,5949.484124,6168.137648,6412.723869,6609.767173,6799.573328,6919.294756,7818.01113,8128.755203,8544.080267,8451.725051,9247.643827,10292.53094,11106.97159,11878.55287
St. Vincent and the Grenadines,VCT,"GDP per capita, PPP (current international $)",NY.GDP.PCAP.PP.CD,6502.900236,6768.193708,7250.392744,7902.627309,8471.962463,8985.696861,9949.489388,10604.34802,10901.56487,10868.53509,10561.30803,10773.61447,10988.50261,11624.86251,12135.58305,12378.84273,13493.47731,13575.43198,14689.85007,15339.55603,15336.59878,16200.89946,18035.27329,19819.86903,21272.08007
"Venezuela, RB",VEN,"GDP per capita, PPP (current international $)",NY.GDP.PCAP.PP.CD,14174.44002,14713.66679,13375.05484,12359.29216,14757.10847,16511.25929,18399.25331,20236.29953,21401.84291,20562.36678,20235.71054,21241.43507,,,,,,,,,,,,,
British Virgin Islands,VGB,"GDP per capita, PPP (current international $)",NY.GDP.PCAP.PP.CD,,,,,,,,,,,,,,,,,,,,,,,,,
Virgin Islands (U.S.),VIR,"GDP per capita, PPP (current international $)",NY.GDP.PCAP.PP.CD,,,32113.43999,32618.95637,34609.1948,36942.8365,39447.4212,42153.53966,43465.23469,40846.56201,41607.56686,39006.08201,33878.98311,32333.9108,32360.90038,32573.71668,33470.59048,33893.55018,36746.48689,40021.77758,41749.08004,46893.5497,49793.03244,,
Viet Nam,VNM,"GDP per capita, PPP (current international $)",NY.GDP.PCAP.PP.CD,2614.118404,2808.831819,3001.870388,3239.771259,3543.099155,3893.665094,4237.400881,4580.794311,4844.067048,5060.732123,5389.21957,5786.123489,6376.797657,6758.404336,7296.879481,7671.581978,8374.506845,9169.731921,10009.97148,11029.27321,11609.31773,12048.90199,13905.15369,15033.87686,16385.50656
Vanuatu,VUT,"GDP per capita, PPP (current international $)",NY.GDP.PCAP.PP.CD,2206.102404,2124.950749,1995.323723,2070.357756,2157.445171,2287.006604,2495.856836,2573.401044,2701.288361,2730.28796,2733.459226,2815.686934,2834.126309,2832.006061,2890.131038,2965.841433,3029.809239,3145.92735,3232.948258,3314.667214,3117.644253,3135.836649,3452.607427,3567.81882,3605.607367
World,WLD,"GDP per capita, PPP (current international $)",NY.GDP.PCAP.PP.CD,8041.086867,8321.91546,8612.631941,8982.553754,9590.472626,10205.89855,11038.94136,11805.68982,12346.91929,12299.92135,12954.47285,13645.14784,14187.97446,14721.84632,15119.94057,15286.95999,15740.4732,16436.44969,17300.00015,18139.33002,17911.49141,19857.13638,21929.91648,23194.2279,24404.82358
Samoa,WSM,"GDP per capita, PPP (current international $)",NY.GDP.PCAP.PP.CD,3061.849867,3334.977916,3552.910667,3792.198477,3996.744636,4378.594432,4591.907025,4713.021234,4939.225584,4906.482543,5229.041912,5494.240631,5338.739793,5386.900631,5468.100585,5681.778128,6141.45089,6280.215005,6318.269773,6638.184548,6450.752012,6350.114284,6909.171299,8194.807256,8736.816068
Kosovo,XKX,"GDP per capita, PPP (current international $)",NY.GDP.PCAP.PP.CD,,,,,,,,,6352.65232,6736.761089,7179.222779,7776.473931,7897.566928,8090.759393,8200.474205,8714.919664,9157.046307,9380.940073,10018.73871,10861.05317,10532.50547,12362.42102,13950.89673,15804.40658,17864.41601
"Yemen, Rep.",YEM,"GDP per capita, PPP (current international $)",NY.GDP.PCAP.PP.CD,2623.64019,2701.872637,2768.487289,2844.129775,2948.84642,3113.446911,3205.308271,3293.633442,3369.546292,3410.610295,3603.035057,3113.382927,3004.920914,3164.321542,,,,,,,,,,,
South Africa,ZAF,"GDP per capita, PPP (current international $)",NY.GDP.PCAP.PP.CD,8095.294289,8428.316817,8792.355886,9138.828239,9713.653485,10440.62751,11250.17956,12046.60511,12525.26303,12261.41159,12637.29122,13143.19334,12986.79767,13369.4382,13358.94172,13397.52348,13519.32351,13738.43859,13347.36348,13361.48513,12671.08624,13681.95481,14749.0478,15199.73298,15456.19899
Zambia,ZMB,"GDP per capita, PPP (current international $)",NY.GDP.PCAP.PP.CD,1708.515526,1785.067114,1837.065852,1942.215209,2067.937285,2212.812026,2377.992398,2554.689376,2708.008197,2872.464184,3097.664005,3228.487143,3323.633122,3477.281788,3441.314976,3337.473069,3313.351216,3391.627685,3442.273072,3361.397503,3157.300093,3503.034914,3840.724505,4076.995087,4214.892778
Zimbabwe,ZWE,"GDP per capita, PPP (current international $)",NY.GDP.PCAP.PP.CD,3429.120572,3533.086059,3237.570827,2707.989572,2591.020054,2495.920817,2453.756424,2396.378351,1986.908825,2232.852573,2661.364833,3047.317089,3472.48572,3783.946337,3903.427977,4045.898647,4275.449351,10756.44544,3992.890719,4165.555678,4178.585579,4827.088694,5395.856298,5791.192129,5928.080625